affiliation-city,affiliation-country
Stanford,United States
Bangkok,Thailand
Palo Alto,United States
Baltimore,United States
,
Hirosaki,Japan
Pathum Thani,Thailand
Nagoya,Japan
Nakhon Ratchasima,Thailand
North Bangkok,Thailand
Fort Collins,United States
Houston,United States
Milwaukee,United States
Guangzhou,China
Qinhuangdao,China
Rio de Janeiro,Brazil
Mount Hamilton,United States
Abu Dhabi,United Arab Emirates
Santa Maria,Brazil
Madison,United States
New York,United States
Oxford,United Kingdom
Portsmouth,United Kingdom
Beijing,China
Tokyo,Japan
Santa Cruz,United States
Cambridge,United States
Lexington,United States
Sunspot,United States
Austin,United States
Milton Keynes,United Kingdom
Moscow,Russian Federation
Princeton,United States
,Thailand
Charlottesville,United States
Lund,Sweden
Bristol,United Kingdom
Boston,United States
Auckland,New Zealand
Rayong,Thailand
Arica,Chile
Nakhon Pathom,Thailand
Surabaya,Indonesia
Brussels,Belgium
Chaing Mai,Thailand
Kuala Lumpur,Malaysia
Hatyai,Thailand
Bratislava,Slovakia
Aachen,Germany
Gif-sur-Yvette,France
Tbilisi,Georgia
Belgrade,Serbia
Mumbai,India
Pisa,Italy
Athens,Greece
Hamburg,Germany
Budapest,Hungary
Didcot,United Kingdom
Geneva,Switzerland
Gainesville,United States
Daegu,South Korea
Zurich,Switzerland
Milan,Italy
West Lafayette,United States
Dubna,Russian Federation
Debrecen,Hungary
Split,Croatia
Westville,United States
New Brunswick,United States
Cairo,Egypt
Trieste,Italy
Perugia,Italy
Genoa,Italy
Bologna,Italy
Catania,Italy
Bari,Italy
Bicocca,Italy
Turin,Italy
Pavia,Italy
Sesto Fiorentino,Italy
Otwock,Poland
Naples,Italy
Padua,Italy
Solan,India
Bhubaneswar,India
Tehran,Iran
Meram,Turkey
Sinop,Turkey
Istanbul,Turkey
Bingol,Turkey
Kharkiv,Ukraine
Pune,India
Strasbourg,France
Adiyaman,Turkey
Erzincan,Turkey
Doha,Qatar
Quito,Ecuador
Mayaguez,Puerto Rico
Nicosia,Cyprus
Galle,Sri Lanka
Riga,Latvia
Yerevan,Armenia
Tallinn,Estonia
Protvino,Russian Federation
Islamabad,Pakistan
Minsk,Belarus
Vilnius,Lithuania
Bogota,Colombia
Ghent,Belgium
Adana,Turkey
Rome,Italy
Buffalo,United States
Pasadena,United States
San Luis Potosí,Mexico
San Diego,United States
Helsinki,Finland
Campinas,Brazil
Kolkata,India
Riverside,United States
Minneapolis,United States
Karlsruhe,Germany
New Delhi,India
Santa Barbara,United States
Isfahan,Iran
Benito Juarez,Mexico
Pittsburgh,United States
Mulhouse,France
Seoul,South Korea
Chicago,United States
Los Angeles,United States
Fayoum,Egypt
Rochester,United States
Madrid,Spain
Lincoln,United States
Livermore,United States
Paris,France
"Zurich ZH,",Switzerland
Chennai,India
Tuscaloosa,United States
Southampton,United Kingdom
Vienna,Austria
Puebla,Mexico
Taoyuan,Taiwan
Iowa City,United States
Tomsk,Russian Federation
Novosibirsk,Russian Federation
Villeurbanne,France
El Shorouk,Egypt
Lisbon,Portugal
Bangi,Malaysia
Florence,Italy
Notre Dame,United States
Lubbock,United States
Potenza,Italy
Uxbridge,United Kingdom
Christchurch,New Zealand
College Station,United States
"Washington, D.C.",United States
Cottbus,Germany
College Park,United States
Villigen,Switzerland
Sofia,Bulgaria
Melbourne,Australia
Santiniketan,India
Chandigarh,India
Mexico,Mexico
Saint Petersburg,Russian Federation
Prague,Czech Republic
Tokat,Turkey
Frascati,Italy
Trento,Italy
Knoxville,United States
Lawrence,United States
Miami,United States
Santander,Spain
London,United Kingdom
Gatchina,Russian Federation
Davis,United States
Lappeenranta,Finland
Kars,Turkey
Bengaluru,India
Batavia,United States
Warsaw,Poland
Antwerpen,Belgium
Mexico City,Mexico
Providence,United States
Waco,United States
San Cristobal de La Laguna,Spain
University,United States
Melbourne,United States
Giza,Egypt
Detroit,United States
Izmir,Turkey
Mersin,Turkey
Ithaca,United States
Evanston,United States
Gwangju,South Korea
Oviedo,Spain
Porto Alegre,Brazil
Orem,United States
Sao Paulo,Brazil
Bebek,Turkey
Taipei,Taiwan
Dublin,Ireland
Ioannina,Greece
Jeddah,Saudi Arabia
Ankara,Turkey
Nashville,United States
Vercelli,Italy
Columbus,United States
Siena,Italy
Tallahassee,United States
Santo Andre,Brazil
Zagreb,Croatia
Louvain-la-Neuve,Belgium
Manhattan,United States
Dolgoprudny,Russian Federation
Boulder,United States
Yazd,Iran
,Switzerland
Khon Kaen,Thailand
Uppsala,Sweden
Stockholm,Sweden
6th October,Egypt
Karaman,Turkey
Hermosillo,Mexico
Helwan,Egypt
Saint Paul,United States
Santa Clara,United States
Tha Sala,Thailand
Songkla,Thailand
Nontaburi,Thailand
Saarbrucken,Germany
Thonburi,Thailand
Kamphaeng Saen,Thailand
Nay Pyi Taw,Myanmar
Boxmeer,Netherlands
Wako,Japan
Chiangmai,Thailand
Edinburgh,United Kingdom
Mitaka,Japan
Garching bei Munchen,Germany
Hayama,Japan
Amherst,United States
Groningen,Netherlands
Kyoto,Japan
Tucson,United States
Sendai,Japan
Nanjing,China
Singapore City,Singapore
Mainz,Germany
Graz,Austria
Hanoi,Viet Nam
Serdang,Malaysia
Hattiesburg,United States
Maha Sarakham,Thailand
Newcastle,United Kingdom
,Georgia
Suez,Egypt
Bloomington,United States
,United States
Krakow,Poland
Suita,Japan
Cambridge,United Kingdom
San Francisco,United States
Berkeley,United States
Pitsanulok,Thailand
Oakland,United States
Songkhla Province,Thailand
Lopburi,Thailand
Liverpool,United Kingdom
Montreal,Canada
Lyon,France
Santiago,Chile
Noordwijk aan Zee,Netherlands
Munich,Germany
Durham,United Kingdom
Brighton,United Kingdom
Copenhagen,Denmark
Wuhu,China
Valparaiso,Chile
Marseille,France
Bonn,Germany
Leiden,Netherlands
Sheffield,United Kingdom
Biobio,Chile
Hefei,China
Heidelberg,Germany
Wellington,New Zealand
Ikoma,Japan
Kamogawa,Japan
Jinan,China
Bucheon-si,South Korea
Tsukuba,Japan
Durham,United States
Honolulu,United States
Jackson,United States
Sydney,Australia
Ludwigshafen,Germany
Kingston,United States
Rahway,United States
Hong Kong,Hong Kong
Brunswick,United States
Hoddesdon,United Kingdom
Perth,Australia
Adelaide,Australia
Manila,Philippines
,Hong Kong
Chiba,Japan
Tokushima,Japan
Ang Thong,Thailand
Fortaleza,Brazil
Geelong,Australia
Tubarao,Brazil
Mossoro,Brazil
Ribeirao Preto,Brazil
Bethesda,United States
Changsha,China
Cheongju,South Korea
Ann Arbor,United States
Sapporo,Japan
Seri Iskandar,Malaysia
Erlangen,Germany
Min-Hsiung,Taiwan
Ubon Ratchathani,Thailand
Leuven,Belgium
3000 Leuven,Belgium
Toronto,Canada
Reykjavik,Iceland
Nakon Pathom,Thailand
Hamilton,Canada
Yokohama,Japan
Sennan,Japan
Fukui,Japan
Ladkrabang Bangkok,Thailand
Matsumoto,Japan
Fukuoka,Japan
Niigata,Japan
Stillwater,United States
Nakhon Sawan,Thailand
Manchester,United Kingdom
Beckenham,United Kingdom
Penrith,Australia
Barcelona,Spain
Okayama,Japan
Ames,United States
Pohang,South Korea
Potsdam,Germany
Yamagata,Japan
Norwich,United Kingdom
Musashino,Japan
Omura,Japan
Osaka,Japan
Kanazawa,Japan
Ube,Japan
Saga,Japan
Otawara,Japan
Moroyama,Japan
Kurashiki,Japan
Hannover,Germany
Chapel Hill,United States
Philadelphia,United States
Research Triangle Park,United States
,Indonesia
Nagaoka,Japan
Si Racha,Thailand
Thika,Kenya
Nagasaki,Japan
Obihiro,Japan
Yezin,Myanmar
Mogadishu,Somalia
Zabol,Iran
Khartoum,Sudan
Phayao,Thailand
Plovdiv,Bulgaria
Llanelli,United Kingdom
Kendari,Indonesia
Nishihara,Japan
Taoyuan,Thailand
Keele,United Kingdom
San Jose,Costa Rica
Sisal,Mexico
Paterna,Spain
Bergen,Norway
Lecce,Italy
Curitiba,Brazil
Galveston,United States
Johor Bahru,Malaysia
Bath,United Kingdom
Kunming,China
Brisbane,Australia
Hempstead,United States
St. Louis,United States
Tyler,United States
Matsuyama,Japan
Samarinda,Indonesia
Mesa,United States
Townsville,Australia
Kotabumi,Indonesia
Makati,Philippines
Kuching,Malaysia
Selangor,Malaysia
Malacca Town,Malaysia
Ipoh,Malaysia
Maastricht,Netherlands
Hohhot,China
Norman,United States
Qingdao,China
Johannesburg,South Africa
Patum Thani,Thailand
Seattle,United States
Sakon Nakhon,Thailand
Chonburi,Thailand
Pelotas,Brazil
Jena,Germany
Nottingham,United Kingdom
Sao Carlos,Brazil
Hanover,United States
Tashkent,Uzbekistan
Legnaro,Italy
Pathumtani,Thailand
Maiduguri,Nigeria
Cluj Napoca,Romania
Columbia,United States
Kobe,Japan
Raleigh,United States
Calgary,Canada
,Australia
Bendigo,Australia
San Nicolas de los Garza,Mexico
Bandar Seri Begawan,Brunei Darussalam
Riyadh,Saudi Arabia
Roslin,United Kingdom
Maisons-Alfort,France
Novara,Italy
Rockville,United States
San Jose,United States
Belfast,United Kingdom
Aarhus,Denmark
Quezon City,Philippines
Madurai,India
Yonago,Japan
Hyderabad,India
,China
Kajang,Malaysia
Rolla,United States
London,Canada
Bartlesville,United States
Bengkulu City,Indonesia
Izumi,Japan
Leoben,Austria
Nanterre,France
Malvern,United States
Loudonville,United States
Portland,United States
Mons,Belgium
Chiang Rai,Thailand
Vancouver,Canada
Phra Nakhon si Ayutthaya,Thailand
Corvallis,United States
Nakhon Phanom,Thailand
Newark,United States
Hachioji,Japan
Icel,Turkey
Jeonju,South Korea
Bern,Switzerland
,Russian Federation
,Italy
Omuta,Japan
Kure,Japan
Ikeji-Arakeji,Nigeria
Nis,Serbia
Haikou,China
Cooperstown,United States
Evansville,United States
Ho Chi Minh City,Viet Nam
Zigong,China
Wuhan,China
New Taipei City,Taiwan
Ottawa,Canada
Koln,Germany
Irkutsk,Russian Federation
Leverkusen,Germany
Incheon,South Korea
Tianjin,China
Bandar Sunway,Malaysia
Greifswald,Germany
Phnom Penh,Cambodia
Maputo,Mozambique
Akita,Japan
Makkah,Saudi Arabia
Central Jakarta,Indonesia
Kubang Kerian,Malaysia
Perak,Malaysia
Salt Lake City,United States
Laramie,United States
Oak Ridge,United States
Criciuma,Brazil
Canoas,Brazil
Rotterdam,Netherlands
,Malaysia
Chengdu,China
Hangzhou,China
Shanghai,China
Billerica,United States
University Park,United States
Granada,Spain
Veszprem,Hungary
,Taiwan
Charlotte,United States
Quetta,Pakistan
Mianyang,China
Londrina,Brazil
Cape Town,South Africa
Orange,United States
Irvine,United States
Chatenay-Malabry,France
Rennes,France
Thanh Xuan,Viet Nam
Santiago de Compostela,Spain
Havana,Cuba
Taichung,Taiwan
Braunschweig,Germany
Essen,Germany
Hong Kong,China
Chang-Hua,China
Burnaby,Canada
Tempe,United States
Las Vegas,United States
Reno,United States
Egham,United Kingdom
Xi'an,China
Reading,United Kingdom
Zaragoza,Spain
Jerusalem,Israel
Bremen,Germany
Bandung,Indonesia
Linkoping,Sweden
Ayuthaya,Thailand
Thimphu,Bhutan
Thimbu,Bhutan
Phuentsholing,Bhutan
Besancon,France
Dubai,United Arab Emirates
Narashino,Japan
Shah Alam,Malaysia
Samut Songkhram,Thailand
Shizuoka,Japan
Worcester,United States
Parsippany,United States
Udon Thani,Thailand
Kelaniya,Sri Lanka
Iloilo,Philippines
Davao,Philippines
Baguio City,Philippines
Leeds,United Kingdom
Addis Ababa,Ethiopia
Orsay,France
Aurora,United States
Cork,Ireland
Dhaka,Bangladesh
Varna,Bulgaria
Okinawa,Japan
Mie,Japan
Ljubljana,Slovenia
Inuyama,Japan
Sungai Buloh,Malaysia
Bali,Indonesia
Kensington,Australia
Glasgow,United Kingdom
Karachi,Pakistan
Lausanne,Switzerland
Amsterdam,Netherlands
Canberra,Australia
Minden,Malaysia
Lima,Peru
Fairfax,United States
Darwin,Australia
Alexandria,United States
Bo,Sierra Leone
Washington,United States
Rajshahi,Bangladesh
Carbondale,United States
Osakasayama,Japan
Chachoengsao,Thailand
Lviv,Ukraine
Beerse,Belgium
Dinant,Belgium
Bellinzona,Switzerland
Edmonton,Canada
Titusville,United States
Gdańsk,Poland
Nizhny Novgorod,Russian Federation
Lodz,Poland
Donetsk,Ukraine
Morristown,United States
Kawachi District,Japan
Al Ain,United Arab Emirates
Patra,Greece
Morgantown,United States
Petchaburi,Thailand
Kelowna,Canada
Belmont,United States
Kosice,Slovakia
Durban,South Africa
Hove,United Kingdom
,Kenya
Regensburg,Germany
Scottsdale,United States
Tampa,United States
Lancaster,United Kingdom
Ningbo,China
Yusong,South Korea
Regina,Canada
Wangdue Phodrang,Bhutan
Zaandam,Netherlands
Pessac,France
Lusaka,Zambia
Kampala,Uganda
Harare,Zimbabwe
Samut Sakhon,Thailand
Lampang,Thailand
Atlanta,United States
Lamphun,Thailand
Johnson,United States
Phetchabun,Thailand
Chum Phae,Thailand
Silver Spring,United States
Busan,South Korea
Cheonan,South Korea
East Lansing,United States
Falmouth,United States
Saint-Jean-d'Illac,France
Talence,France
Nijmegen,Netherlands
Stoke-on-Trent,United Kingdom
Viseu,Portugal
Berlin,Germany
Harrow,United Kingdom
,Portugal
,United Kingdom
Leiria,Portugal
Luxembourg,Luxembourg
Frankfurt am Main,Germany
Poitiers,France
Tubingen,Germany
Kathmandu,Nepal
Isehara,Japan
Phutthamonthon,Thailand
Claremont,United States
Shenzhen,China
Guelph,Canada
Palma,Spain
Nomi,Japan
Leicester,United Kingdom
Zallaq,Bahrain
Waalre,Netherlands
Cardiff,United Kingdom
Vientiane,Laos
Gold Coast,Australia
North Chicago,United States
Daejeon,South Korea
Hiroshima,Japan
Beni Suef,Egypt
Bremerhaven,Germany
,Bulgaria
Munster,Germany
Villejuif,France
Reims,France
Hradec Kralove,Czech Republic
Tours,France
Roche sur Yon,France
Bordeaux,France
Fargo,United States
Bowling Green,United States
Andong,South Korea
Tainan,Taiwan
New Haven,United States
Okazaki,Japan
Memphis,United States
Bethlehem,United States
Greenfield,United States
Nam Dinh,Viet Nam
Phisanulok,Thailand
Konkaen,Thailand
Menlo Park,United States
Plzen,Czech Republic
Cleveland,United States
Gyongyos,Hungary
,Japan
Augusta,United States
Basel,Switzerland
Meldola,Italy
Tel Hashomer tel Aviv,Israel
Tel Aviv-Yafo,Israel
Duarte,United States
Toulouse,France
Yilan,Taiwan
Fort Lauderdale,United States
Cincinnati,United States
El Paso,United States
Reston,United States
Frederick,United States
Amphoe Khlong Luang,Thailand
Gifu,Japan
Hikone,Japan
Urbana,United States
Auburn,United States
Tai'an,China
Xiamen,China
Anseong,South Korea
Kumamoto,Japan
Fairfield,United States
Volos,Greece
Denton,United States
New Cairo,Egypt
Armidale,Australia
Leipzig,Germany
Dayton,United States
Higashihiroshima,Japan
Juba,South Sudan
Great Yarmouth,United Kingdom
Dresden,Germany
Wurzburg,Germany
Lahore,Pakistan
Delft,Netherlands
Freiburg im Breisgau,Germany
Laxenburg,Austria
Utrecht,Netherlands
Cerdanyola del Valles,Spain
Uji,Japan
Nantes,France
Chemnitz,Germany
Taiyuan,China
Gland,Switzerland
Arlington,United States
Lismore,Australia
Greenbelt,United States
"Roma, Napoli",Italy
Orlando,United States
Foster City,United States
Savannah,United States
Damaturu Yobe State,Nigeria
Dalseo-gu,South Korea
Jakarta,Indonesia
Gombe,Nigeria
Ikeja,Nigeria
Depok,Indonesia
Cebu,Philippines
Ahmedabad,India
Montrouge,France
Pekan,Malaysia
"Terengganu,",Malaysia
Benin,Nigeria
Panama City,Panama
Ceske Budejovice,Czech Republic
Guiyang,China
,Myanmar
No,Myanmar
Chelari,India
Fuzhou,China
Ferrara,Italy
Srisaket,Thailand
East Falmouth,United States
Kota Kinabalu,Malaysia
Wonju,South Korea
Canterbury,United Kingdom
Bangor,United Kingdom
Fort Wayne,United States
Norfolk,United States
Orleans,France
Hasselt,Belgium
Hatfield,United Kingdom
Poznan,Poland
Socorro,United States
Dwingeloo,Netherlands
Westford,United States
I-Roma,Italy
,Uganda
Erzurum,Turkey
Yangon,Myanmar
Sacramento,United States
Semarang,Indonesia
Surat Thani,Thailand
Kalasin,Thailand
Ratchaburi,Thailand
Changchun,China
Bochum,Germany
Fez,Morocco
Colombo,Sri Lanka
Pretoria,South Africa
Accra,Ghana
Manipal,India
Greenwood,United States
Buenos Aires,Argentina
,Paraguay
Santo Domingo,Dominican Republic
Wavre,Belgium
Tegucigalpa,Honduras
Beirut,Lebanon
Eskisehir,Turkey
Bydgoszcz,Poland
Castellon de la Plana,Spain
San Pedro Sula,Honduras
Valencia,Spain
Sevilla,Spain
Malaga,Spain
,Poland
Blanes,Spain
Cochabamba,Bolivia
Vellore,India
Kalyani,India
West Haven,United States
Baton Rouge,United States
Yamaguchi,Japan
Gottingen,Germany
Louisville,United States
Waterloo,Canada
Linz,Austria
Innsbruck,Austria
Phuket,Thailand
Putrajaya,Malaysia
Ann Town,Myanmar
Pristina,Serbia
Hue,Viet Nam
Ebina,Japan
Kawasaki,Japan
Minato,Japan
Changhua,Taiwan
Kitakyushu,Japan
Bhopal,India
Medellin,Colombia
Shenyang,China
Turku,Finland
Gothenburg,Sweden
Hobart,Australia
San Michele all'Adige,Italy
Quebec,Canada
Matsue,Japan
Nagpur,India
Salvador,Brazil
Ballarat,Australia
Orono,United States
Dubendorf,Switzerland
Arhus,Denmark
L'Aquila,Italy
Stuttgart,Germany
Montpellier,France
Loma Linda,United States
Antony,France
Terni,Italy
San Pedro Garza Garcia,Mexico
Rostock,Germany
Olomouc,Czech Republic
,Germany
Hermagor,Austria
Bad Oeynhausen,Germany
Porrentruy,Switzerland
Chigasaki,Japan
Mansoura,Egypt
Dalian,China
Wakayama,Japan
Niteroi,Brazil
Changzhou,China
San Juan,Puerto Rico
Jacksonville,United States
Mountain View,United States
Zlin,Czech Republic
"Yangon, Myanmar",Myanmar
Anchorage,United States
Framingham,United States
Nakhon si Thammarat,Thailand
Shijiazhuang,China
Lille,France
Jamshoro,Pakistan
Roi Et,Thailand
Tando Adam,Pakistan
Miki-cho,Japan
Fuchu,Japan
Dusseldorf,Germany
Sfax,Tunisia
Braga,Portugal
Jinju,South Korea
Halmstad,Sweden
Vasteras,Sweden
Maebashi,Japan
Viterbo,Italy
Toyama,Japan
Woolloongabba,Australia
Kahoku,Japan
Ibaraki,Japan
Nakorn Ratchasima,Thailand
Denver,United States
Haifa,Israel
Warszawa,Poland
Rzeszow,Poland
Malang,Indonesia
Cali,Colombia
Szeged,Hungary
Magdeburg,Germany
Alcorcon,Spain
Edegem,Belgium
Ciudad de México,Mexico
Harrogate,United Kingdom
Caracas,Venezuela
Casablanca,Morocco
Yogyakarta,Indonesia
Coventry,United Kingdom
Saclay,France
Harbin,China
Suwon,South Korea
Wollongong,Australia
Grand Junction,United States
Indianapolis,United States
Patna,India
Roorkee,India
Checheng,Taiwan
Shoufeng,Taiwan
"Pakchong, Nakorn Ratchasima",Thailand
Kon Kaen,Thailand
Kongsberg,Norway
Pullman,United States
Byurakan,Armenia
Gangneung,South Korea
Daito,Japan
Sagamihara,Japan
Kanpur,India
Nisshin,Japan
Lemont,United States
Palaiseau,France
Waigani,Papua New Guinea
Lilongwe,Malawi
Navi Mumbai,India
Inglewood,United States
Des Plaines,United States
Macau,China
Atsugi,Japan
Pengkalan Chepa,Malaysia
Kano,Nigeria
Chon Buri,Thailand
Belitung,Indonesia
Basking Ridge,United States
Kurume,Japan
New London,United States
Nonthaburee,Thailand
Guwahati,India
Kasugai,Japan
Kota,Malaysia
Penang,Malaysia
Kingston Upon Thames,United Kingdom
Jazan,Saudi Arabia
Kosovska Mitrovica,Serbia
Kuopio,Finland
Msida,Malta
Kingston,Jamaica
Ajman,United Arab Emirates
Irbid,Jordan
Amman,Jordan
Kuwait City,Kuwait
Al-Ahsa,Saudi Arabia
Ypsilanti,United States
Ada,United States
Little Rock,United States
Aveiro,Portugal
Medford,United States
Storrs,United States
Biddeford,United States
Torun,Poland
Tromso,Norway
Coimbra,Portugal
Kerman,Iran
CA,United States
Dunedin,New Zealand
Clinton,United States
Greenville,United States
Dallas,United States
Aberdeen,United Kingdom
Sherbrooke,Canada
Albany,United States
Salford,United Kingdom
Lagos,Nigeria
Huntingdon,United States
Sao Cristovao,Brazil
Buies Creek,United States
Richmond,United States
Dhahran,Saudi Arabia
Walnut,United States
,Saudi Arabia
Fort Worth,United States
Chattanooga,United States
Tetovo North,North Macedonia
Qinzhou,China
Kalgoorlie,Australia
Cherbourg-Octeville,France
Oslo,Norway
Brumunddal,Norway
Kufa,Iraq
Nakhompathon,Thailand
Nishinomiya,Japan
Lillehammer,Norway
Nancy,France
Kansas City,United States
Baku,Azerbaijan
Ruston,United States
Bucharest,Romania
Rabat,Morocco
Clermont-Ferrand,France
Povo,Italy
La Plata,Argentina
Giresun,Turkey
Saint Martin d'Heres,France
Nablus,Palestine
Albuquerque,United States
Dortmund,Germany
Marakech,Morocco
Upton,United States
Sao Joao del Rei,Brazil
Stony Brook,United States
Udine,Italy
Fribourg,Switzerland
Siegen,Germany
Brasov,Romania
Wuppertal,Germany
Rende,Italy
Birmingham,United Kingdom
Chambery,France
Hsinchu,Taiwan
Gaziantep,Turkey
Rehovot,Israel
Mytilene,Greece
Giessen,Germany
Waltham,United States
Thessaloniki,Greece
Iasi,Romania
,Canada
Oujda,Morocco
Eugene,United States
DeKalb,United States
Richardson,United States
Porto,Portugal
Valparaíso,Chile
Victoria,Canada
Fresno,United States
Juiz de Fora,Brazil
Timisoara,Romania
Wageningen,Netherlands
Buriram,Thailand
Kitaadachi District,Japan
,France
Koganei,Japan
Saraburi,Thailand
Nakorn Si Thammarat,Thailand
Trat,Thailand
Manama,Bahrain
Lincoln,New Zealand
Nanchang,China
Klagenfurt,Austria
Tampere,Finland
Tacoma,United States
Kiyose,Japan
Camden,United States
La Victoria,Peru
Vitoria-Gasteiz,Spain
Middlesbrough,United Kingdom
Alcala de Henares,Spain
Odense,Denmark
Aalborg,Denmark
Hvidovre,Denmark
Fitzroy,Australia
Chaidari,Greece
Springfield,United States
Cairns,Australia
Terrassa,Spain
Collegeville,United States
Washington,Thailand
Eldoret,Kenya
Tenri,Japan
Meru,Kenya
Kawaguchi,Japan
Sasebo,Japan
Yufu,Japan
Chanthaburi,Thailand
Noida,India
,Viet Nam
Mason,United States
Syracuse,United States
Wroclaw,Poland
Miyazaki,Japan
Lucknow,India
Worthing,United Kingdom
Brentford,United Kingdom
Guadalajara,Mexico
Tlalpan,Mexico
Clayton,Australia
Bac Lieu City,Viet Nam
Sirnak,Turkey
Burdur,Turkey
Podgorica,Montenegro
Godollo,Hungary
Zhengzhou,China
Vallejo,United States
Villaviciosa de Odon,Spain
,Spain
Muscat,Oman
Stavanger,Norway
Jyvaskyla,Finland
Ostrava,Czech Republic
Kiel,Germany
Visakhapatnam,India
Ulm,Germany
Eger,Hungary
Shuwaikh,Kuwait
Mangalore,India
Esplugues de Llobregat,Spain
Pitesti,Romania
Ladkrabang,Thailand
Tunis,Tunisia
Campo Grande,Brazil
Charlotte (Skidegate),United States
Newtown,United States
Makassar,Indonesia
Aranyaprathet,Thailand
Nagakute,Japan
Carlow,Ireland
Swindon,United Kingdom
Exeter,United Kingdom
Zhenjiang,China
Situbondo Regency,Indonesia
Lanzhou,China
Oklahoma City,United States
Karaikudi,India
Bonab,Iran
Ardabil,Iran
Callaghan,Australia
Belo Horizonte,Brazil
Blantyre,Malawi
Liverpool,Australia
Kaunas,Lithuania
Kinshasa,Democratic Republic Congo
Omdurman,Sudan
Kodaira,Japan
York,United Kingdom
Karlskrona,Sweden
Durango,Mexico
Enugu,Nigeria
Daytona Beach,United States
Torrejon de Ardoz,Spain
Neuville-sur-Oise,France
Blacksburg,United States
Urumqi,China
Sonora,Mexico
Cuernavaca,Mexico
Herne,Germany
Malmo,Sweden
Immokalee,United States
Glendale,United States
Belgaum,India
St Petersburg,United States
Commerce,Pakistan
Nibong Tebal,Malaysia
Falls Church,United States
Selangor Darul Ehsan,Malaysia
Mol,Belgium
Norrkoping,Sweden
Jilin,China
Phoenix,United States
Seongnam,South Korea
Pleasanton,United States
Palmerston North,New Zealand
Ranchi,India
Tirupati,India
San Giovanni Rotondo,Italy
Katowice,Poland
Bialystok,Poland
Palermo,Italy
Naypyidaw,Myanmar
Rutgers,United States
Himeji,Japan
San Antonio,United States
Petten,Netherlands
Barendrecht,Netherlands
Anaheim,United States
Hilo,United States
Kaohsiung,Taiwan
Tafresh,Iran
Sa,Viet Nam
Algiers,Algeria
Gurugram,India
Gimhae,South Korea
Chuncheon,South Korea
Jaipur,India
,India
Kochi,India
Coimbatore,India
Ludhiana,India
Kepong,Malaysia
Northampton,United States
Macon,United States
Krasnoyarsk,Russian Federation
Estoril,Portugal
Nairobi,Kenya
Rock Hill,United States
Wenzhou,China
Iksan,South Korea
Goyang,South Korea
Westerville,United States
Kota Bharu,Malaysia
,Israel
Suphanburi,Thailand
Anantapur,India
Medan,Indonesia
Deerfield,United States
Manhasset,United States
Lebanon,United States
Linhai,China
Rijeka,Croatia
Tilburg,Netherlands
Halifax,Canada
Stip,North Macedonia
Nanning,China
Westwood,United States
Fort Myers,United States
Alpharetta,United States
Coral Gables,United States
Beverly Hills,United States
Summit,United States
Decatur,United States
Subang Jaya,Malaysia
Najaf,Iraq
Bac Ninh,Viet Nam
Iligan,Philippines
Clemson,United States
Haverford,United States
St Andrews,United Kingdom
Bryn Mawr,United States
Potchefstroom,South Africa
Czestochowa,Poland
Gandhinagar,India
"Kaizu, Gifu",Japan
Vicosa,Brazil
Kincumber,Australia
Victoria,United States
Pecs,Hungary
Shimotsuga District,Japan
Yunlin,Taiwan
Beer Sheva,Israel
Sant Boi de Llobregat,Spain
Palembang,Indonesia
Lubeck,Germany
New Taipei City,China
London,Spain
Vladivostok,Russian Federation
Kasuga,Japan
"Sangnok-gu, Ansan-si",South Korea
Cadiz,Spain
Charleston,United States
Jos,Nigeria
Kirkuk,Iraq
Marburg,Germany
Kaarina,Finland
Cordoba,Spain
Almaty,Kazakhstan
Addlestone,United Kingdom
Rozzano,Italy
Verona,Italy
Brescia,Italy
Rawalpindi,Pakistan
Bursa,Turkey
Lublin,Poland
Trzebnica,Poland
Iskenderun,Turkey
Denizli,Turkey
Haiphong,Viet Nam
Schenectady,United States
Zhuhai,China
Douala,Cameroon
Dakar,Senegal
Breda,Netherlands
High Wycombe,United Kingdom
Dong Nai Provine,Viet Nam
Front Royal,United States
Dharwad,India
Bijapur,India
Hubli,India
Recife,Brazil
Torrance,United States
Kanchanaburi,Thailand
Sterling,United States
Fujimino,Japan
,Pakistan
Oberschleissheim,Germany
Orebro,Sweden
Umea,Sweden
St Gallen,Switzerland
Malatya,Turkey
Diyarbakir,Turkey
Lowestoft,United Kingdom
Hershey,United States
Chiayi,Taiwan
Hadiya,Kuwait
Hartford,United States
Can Tho,Viet Nam
Cao Lanh,Viet Nam
Saint-Etienne,France
Hamilton,New Zealand
Tokorozawa,Japan
Kamuela,United States
Wuxi,China
Maribor,Slovenia
Warren,United States
Bhuvaneswar,India
,Armenia
Batu Caves,Malaysia
Urmia,Iran
Tabriz,Iran
Edinburgh,Australia
Mengla,China
,Nigeria
Castanet-Tolosan,France
Sharjah,United Arab Emirates
Hayward,United States
Caparica,Portugal
Bucharest,United States
Utsunomiya,Japan
Sunto District,Japan
Port Charlotte,United States
Leidschendam,Netherlands
Davos,Switzerland
Gaithersburg,United States
Enschede,Netherlands
Şrnak,Turkey
Gandra,Portugal
Kattankulathur,India
Toyohashi,Japan
Ulsan,South Korea
Round Lake,United States
Torbat-e Heydarieh,Iran
St Peters,United States
St Louis,United States
"Koh Tao, Suratthani",Thailand
Merseburg,Germany
Abidjan,Cote d'Ivoire
Plymouth,United Kingdom
McLean,United States
Limours,France
Principality of Monaco,Monaco
Karaj,Iran
Osnabruck,Germany
Parma,Italy
Nakornpathom,Thailand
Rourkela,India
Chittagong,Bangladesh
Bothell,United States
Golden,United States
Nakhonrachasima,Thailand
Khan Kaen,Thailand
"Bangrak, Bangkok",Thailand
Limerick,Ireland
Corte,France
Girona,Spain
Bogor,Indonesia
Ubon Ratchathani Province,Thailand
Abuja,Nigeria
Zaria,Nigeria
Malabar,Australia
Prasat,Thailand
Boumerdes,Algeria
Darmstadt,Germany
Neuilly-sur-Seine,France
Salzburg,Austria
Neiva,Colombia
Liege,Belgium
Highland Heights,United States
Oita,Japan
Merida,Mexico
Detmold,Germany
Kehl,Germany
Holywood,United Kingdom
Versailles,France
Covilha,Portugal
Ulaanbaatar,Mongolia
Butare,Rwanda
Afula,Israel
Chongqing,China
Kuantan,Malaysia
Orangeburg,United States
Zhunan,Taiwan
Kaohsiung,China
Bloemfontein,South Africa
Joao Pessoa,Brazil
Diamantina,Brazil
Tunja,Colombia
Arusha,Tanzania
Corrientes,Argentina
Salta,Argentina
Grahamstown,South Africa
Campos dos Goitacazes,Brazil
Bayreuth,Germany
Uberlandia,Brazil
Milledgeville,United States
Feira de Santana,Brazil
Tlalnepantla,Mexico
Lancaster,United States
Salem,United States
Northampton,United Kingdom
Cordoba,Argentina
Richmond,United Kingdom
,Argentina
Mito,Japan
Sayo,Japan
Kagoshima,Japan
Yekaterinburg,Russian Federation
Oxford,United States
Vic,Spain
Stellenbosch,South Africa
,Netherlands
Badalona,Spain
,South Africa
Suzhou,China
,Peru
Binghamton,United States
Juba,Sudan
"Bangkorlhaem, Bangkok",Thailand
"Wang Thonglang, Bangkok",Thailand
Huddersfield,United Kingdom
Bandar Lampung,Indonesia
Gresik,Indonesia
"Pakchong, Nakhonratchasima",Thailand
Gorontalo,Indonesia
Banda Aceh,Indonesia
Banjarmasin,Indonesia
Batu Pahat,Malaysia
Kolaka,Indonesia
Kariya,Japan
Mojokerto,Indonesia
Northridge,United States
Abha,Saudi Arabia
Augsburg,Germany
Burgos,Spain
Brugge,Belgium
Damietta,Egypt
Mahendergarh,India
Yaounde,Cameroon
Montevideo,Uruguay
Salamanca,Spain
Dijon,France
Thionville,France
Creteil,France
Rouen,France
Frankston,Australia
Hellerup,Denmark
Angers,France
Yvoir,Belgium
Nong Khai,Thailand
Samut Prakan,Thailand
Miyagi,Japan
Stara Zagora,Bulgaria
Marlborough,United States
Centurion,South Africa
Kumasi,Ghana
Milpitas,United States
Ichihara,Japan
Salerno,Italy
La Chaux-de-Fonds,Switzerland
Postojna,Slovenia
Mont-Saint-Aignan,France
Juriquilla,Mexico
Saratoga Springs,United States
Faro,Portugal
Mt Vernon,United States
Mittelburgenland,Austria
Hata,Japan
"Kishiwada City, Osaka Prefecture",Japan
Goiania,Brazil
Tarragona,Spain
Parramatta,Australia
Chungnam,South Korea
Minden-Pulau Pinang,Malaysia
A’ali,Bahrain
Erbil,Iraq
Sintok,Malaysia
Higashiosaka,Japan
Ismailia,Egypt
Newcastle,Australia
Novi Sad,Serbia
Redmond,United States
Mashhad,Iran
Moelbis,Germany
Rockledge,United States
Bakersfield,United States
Cankaya,Turkey
,Turkey
Rueil-Malmaison,France
Jenin,Palestine
Champaign,United States
Ya'an,China
Duisburg,Germany
Binh -Dnh,Viet Nam
Hirakata,Japan
Macau,Macao
Temple City,United States
Caldes de Montbui,Spain
Ciudad Victoria,Mexico
Charlottetown,Canada
Bradford,United Kingdom
Toyota,Japan
Yenchao,Taiwan
Alexandria,Egypt
Asyut,Egypt
Behshahr,Iran
Batticoloa,Sri Lanka
Kayseri,Turkey
Yozgat,Turkey
Punjab,India
California,United States
Morelia,Mexico
Pachuca,Mexico
Tuxtla Gutierrez,Mexico
Houghton,United States
Los Alamos,United States
Jiaxing,China
Aarau,Switzerland
Khannayao,Thailand
Marshfield,United States
Trondheim,Norway
Kiriat Ono,Israel
Zhytomyr,Ukraine
Gaza,Palestine
Skopje,North Macedonia
Tartu,Estonia
Cholula,Mexico
Naukka,Nigeria
Olsztyn WM,Poland
Kyiv,Ukraine
Bielefeld,Germany
Temuco,Chile
Kofu,Japan
Pocatello,United States
Rethymnon,Greece
La Paz,Bolivia
Tuscaloosa Northport,United States
,Greece
Tifton,United States
Tbilisi,United States
Ayudhya,Thailand
Sunderland,United Kingdom
Mbale,Uganda
Dammam,Saudi Arabia
Semenyih,Malaysia
Birjand,Iran
West Roxbury,United States
Macquarie Park,Australia
Winston Salem,United States
Danderyd,Sweden
Taipa,Macao
Chicoutimi-Jonquiere,Canada
Florianopolis,Brazil
Winnipeg,Canada
Asahikawa,Japan
Izumo,Japan
Brest,France
Ramat Gan,Israel
Oberwil-Zug,Switzerland
Dgo,Mexico
Sabah,Malaysia
Guildford,United Kingdom
Birmingham,United States
Vicenza,Italy
Dundee,United Kingdom
Brasilia,Brazil
Dasmarinas,Philippines
Pasig,Philippines
Xinyang,China
Sanandaj,Iran
Battambang,Cambodia
Lalitpur,Nepal
"Washington, D.C.",Kyrgyzstan
Dehradun,India
Mondragon,Spain
Levanger,Norway
Liberec,Czech Republic
Buraidah,Saudi Arabia
Villavicencio,Colombia
Murcia,Spain
Armilla,Spain
Los Banos,Philippines
Campus,Pakistan
Szczecin,Poland
Conwy,United Kingdom
Nashua,United States
Crete,Greece
Farmington,United States
Novato,United States
Muharraq,Bahrain
Wolverhampton,United Kingdom
Mahasarakham,Thailand
Akure,Nigeria
Ibadan,Nigeria
Ubonratchathani,Thailand
Morioka,Japan
Al Ahmadi,Kuwait
Gurusar Sadhar,India
Gondar,Ethiopia
Zhoushan,China
Rupnagar,India
Ridgefield,United States
West Jakarta,Indonesia
Gyeongsan,South Korea
Ingelheim am Rhein,Germany
Beijing,Myanmar
Mandalay,Myanmar
Maia,Portugal
,Bangladesh
Lorenskog,Norway
Bangka Belitung,Indonesia
Zanjan,Iran
Reduit,Mauritius
Evergreen,United States
Toyoake,Japan
Loughborough,United Kingdom
The Woodlands,United States
Neuss,Germany
Damascus,Syrian Arab Republic
Lyngby,Denmark
Purwokerto,Indonesia
Kalamazoo,United States
Drammen,Norway
Da Nang,Viet Nam
Bayan Lepas,Malaysia
Mo i Rana,Norway
Derby,United Kingdom
Semey,Kazakhstan
Constanta,Romania
Plainsboro,United States
Peshawar,Pakistan
Viborg,Denmark
Ilishan-Remo,Nigeria
Kyrenia,Cyprus
Luton,United Kingdom
Lincoln,United Kingdom
Bondy,France
Oulu,Finland
Melrose,United Kingdom
Samsun,Turkey
Rosario,Argentina
Chelyabinsk,Russian Federation
Kenmore,United States
Santa Marta,Colombia
Carolina,United States
Poulsbo,United States
Wicklow,Ireland
Chieveley,United Kingdom
Aligarh,India
Gorinchem,Netherlands
Cumming,United States
Ganzhou,China
Zhumadian,China
Semnan,Iran
Lavras,Brazil
Symonston,Australia
Zadar,Croatia
Terre Haute,United States
Bedong,Malaysia
Banchiao,Taiwan
Eggenstein-Leopoldshafen,Germany
Prievidza,Slovakia
Duhok,Iraq
Denpasar,Indonesia
Bien Hoa,Viet Nam
Golden,Thailand
Dhulikhel,Nepal
Tak,Thailand
Mahasarakarm,Thailand
Dar Es Salaam,Tanzania
Ifakara,Tanzania
Danville,United States
Fukuyama,Japan
Chevy Chase,United States
Komotini,Greece
Paisley,United Kingdom
Jongno-gu,South Korea
Arau,Malaysia
Kamloops,Canada
Cergy-Pontoise,France
Golden,China
Sivakasi,India
Quchan,Iran
Concepcion,Chile
Yangzhou,China
Trang,Thailand
Richmond,Australia
Laguna,Philippines
Nan-Tou,Taiwan
Pakkret,Thailand
Zigong City,China
Fukushima,Japan
Akron,United States
La Serena,Chile
Antofagasta,Chile
Toyoshina,Japan
Richmond,Canada
Barretos,Brazil
Ramadi,Iraq
Freiberg,Germany
Yangsan,South Korea
Peradeniya,Sri Lanka
Sarajevo,Bosnia and Herzegovina
Bellville,South Africa
Babol,Iran
Guntur,India
Gyeongju,South Korea
Tanta,Egypt
"Valenzuela, Metro Manila",Philippines
Fuyang,China
Geesthacht,Germany
Petaling Jaya,Malaysia
Mae Sod,Thailand
Rahim Yar Kahn,Pakistan
Baghdad,Iraq
Tonsberg,Norway
Assen,Netherlands
Ermelo,Netherlands
Heerhugowaard,Netherlands
Apeldoorn,Netherlands
Oswego,United States
Takamatsu,Japan
Bad Zurzach,Switzerland
Macclesfield,United Kingdom
Kenitra,Morocco
Long Beach,United States
Cao Lãnh City,Viet Nam
Fountain Valley,United States
Kanjanaburi,Thailand
Worms,Germany
Vallendar,Germany
Mus,Turkey
St Augustine,Trinidad and Tobago
Wooster,United States
Buon Ma Thuot City,Viet Nam
Boone,United States
Wiener Neustadt,Austria
Jhansi,India
Baoji,China
Nagaram,India
Jabalpur,India
Vadodara,India
Hyderabad-Telangana,India
Krishna,India
Kavali,India
Nan,Thailand
Chung-Li,China
Yangling,China
Eberbach,Germany
Prachinburi,Thailand
Rathmalana,Sri Lanka
Redlands,United States
,Laos
Savannakhet,Laos
Gunma Prefecture,Japan
Kingsville,United States
Koper,Slovenia
"Meta, Villavicencio",Colombia
Issaquah,United States
Newbury,United Kingdom
Clichy,France
Sandton,South Africa
Sandy Bay,Australia
Bartin,Turkey
Yinchuan,China
Caxias do Sul,Brazil
Sayo District,Japan
Valence,France
Tiruchirappalli,India
Pakhtunkhwa,Pakistan
Zunyi,China
Kepala Batas,Malaysia
Kunitachi,Japan
Uttaradit,Thailand
Munoz,Philippines
Pingtung,Taiwan
Guilin,China
Halabja,Iraq
Sulaymaniyah,Iraq
Coopers Plains,Australia
Pocheon,South Korea
Muan,South Korea
Vandoeouvre-les-Nancy,France
Mardan,Pakistan
Hidaka,Japan
Asan,South Korea
Logan,United States
Rapid City,United States
Saitama,Japan
Vallabh Vidyanagar,India
Nitra,Slovakia
Qufu,China
Oy-Mittelberg,Germany
Nimes,France
Villetaneuse,France
Hosur,India
Narathiwat,Thailand
Cape Coast,Ghana
Mbarara,Uganda
Manaus,Brazil
Fort Detrick,United States
Lulea,Sweden
Amer,Spain
Wad Medani,Sudan
Jimma,Ethiopia
Parakou,Benin
Siem Reap,Cambodia
Maharagama,Sri Lanka
Odessa,Ukraine
Dali,China
Lome,Togo
Tripoli,Libya
Lubumbashi,Democratic Republic Congo
Tirana,Albania
Ouagadougou,Burkina Faso
Moshi,Tanzania
Padang,Indonesia
Brno,Czech Republic
Port Harcourt,Nigeria
Calabar,Nigeria
Ilorin,Nigeria
Varanasi,India
Antananarivo,Madagascar
Niamey,Niger
,Timor-Leste
Karbala,Iraq
Nouakchott,Mauritania
Gitarama,Rwanda
,Democratic Republic Congo
Luanda,Angola
Santa Cruz,Bolivia
Libreville,Gabon
Bamenda,Cameroon
,Afghanistan
Bangui,Central African Republic
Oran,Algeria
Bishkek,Kyrgyzstan
Adam Barka,Chad
,Haiti
Basra,Iraq
Nampula,Mozambique
Quelimane,Mozambique
Kaduna,Nigeria
Arequipa,Peru
Molepolole,Botswana
Kiev,Ukraine
Bamako,Mali
Beira,Mozambique
Asuncion,Paraguay
Stockholn,Sweden
Port Moresby,Papua New Guinea
Sana'a,Yemen
Guayaquil,Ecuador
San Salvador,El Salvador
Ndola,Zambia
Guatemala City,Guatemala
Mombasa,Kenya
"Siteki, Eswatini",Swaziland
Managua,Nicaragua
,Burundi
Surakarta,Indonesia
,Singapore
Hakodate,Japan
Khuzdar,Pakistan
Downderry,United Kingdom
Nova Gorica,Slovenia
Guri,South Korea
Shantou,China
Luang Prabang Province,Laos
Loei,Thailand
Ivano-Frankivsk,Ukraine
Sakakah,Saudi Arabia
Bellevue,United States
Kediri,Indonesia
Ludwigsburg,Germany
Valley City,United States
"Nha Trang, Khanh Hoa",Viet Nam
Jember,Indonesia
Grenoble,France
Dessau-Rosslau,Germany
Observatory,South Africa
Palestine,Palestine
Salisbury,United States
Kuroishi,Japan
Koriyama,Japan
Piscataway,United States
Xiangtan,China
Namur,Belgium
Banja Luka,Bosnia and Herzegovina
Shiraz,Iran
Al Bayda,Libya
Hadera,Israel
Kota Samarahan,Malaysia
Bushehr,Iran
Heraklion,Greece
Varese,Italy
Skopje,
,Ukraine
Purmerend,Netherlands
Ridderkerk,Netherlands
VIC,Australia
Wiesbaden,Germany
Pula,Croatia
Bolzano,Italy
Petchburi,Thailand
Bournemouth,United Kingdom
Hồ Chí Minh,Viet Nam
Nutley,United States
Urayasu,Japan
Colleferro,Italy
Gaborone,Botswana
Louvain,Belgium
New Orleans,United States
Amnat Charoen,Thailand
Lower Hutt,New Zealand
Mangalagiri,India
Montgomery,United States
Pekanbaru,Indonesia
Narahenpita,Sri Lanka
Kochi,Japan
Trissur,India
Somerset,United States
Perm,Russian Federation
,Mexico
,Brazil
Chestnut Hill,United States
Salem,India
Krishnagiri,India
Charsadda,Pakistan
Pau,France
,Philippines
Tangerang,Indonesia
Phu Yen,Viet Nam
Spokane,United States
Muntinlupa,Philippines
Vevey,Switzerland
Damanhour,Egypt
Neuchatel,Switzerland
Chumporn,Thailand
Maraba,Brazil
Faisalabad,Pakistan
Ajmer,India
Lowell,United States
Beauvais,France
Iruma,Japan
Saint Charles,United States
Waterford,Ireland
Colchester,United Kingdom
Nesher,Israel
Africa,Eritrea
Quanzhou,China
Rahim Yar Khan,Pakistan
Due West,United States
Harrisburg,United States
No,Viet Nam
"Muang, Nakhon Ratchasima",Thailand
Pattani,Thailand
,Sri Lanka
Cayenne,French Guiana
Dire Dawa,Ethiopia
Gdynia,Poland
Bamberg,Germany
Commerce,United States
Moscow,United States
Eindhoven,Netherlands
Cedar City,United States
Holland,United States
Hoboken,United States
Abilene,United States
Allendale,United States
Konstanz,Germany
Breukelen,Netherlands
St John's,Canada
Kassel,Germany
Passau,Germany
Dartmouth,United States
Frankfurt/Oder,Germany
Saint-Denis,France
Friday Harbor,United States
Summit,Thailand
Pointe-a-Pitre,France
Julich,Germany
Feusiberg,Switzerland
The Hague,Netherlands
Chernogolovka,Russian Federation
Sonderborg,Denmark
Swansea,United Kingdom
Kusatsu,Japan
Aberystwyth,United Kingdom
Vechta,Germany
Otsu,Japan
Aubiere,France
Saint-Genis-Laval,France
Tegal,Indonesia
Tygerberg,South Africa
Omaha,United States
Oxford,Cambodia
Rostov-on-Don,Russian Federation
Fort Portal,Uganda
Konya,Turkey
Pavia,Spain
Jette,Belgium
Launceston,Australia
Thrissur,India
Xining,China
Pathumwan,Thailand
Miri,Malaysia
Kolhapur,India
Kearney,United States
Taiping,Malaysia
Misicevo,Serbia
Kalisizo,Uganda
Kingston,Canada
Jupiter,United States
Culver City,United States
Majadahonda,Spain
Flagstaff,United States
Sari,Iran
Alor Setar,Malaysia
San Cristobal de las Casas,Mexico
Itarema,Brazil
Monsenhor Tabosa,Brazil
Burlington,United States
Onsala,Sweden
Kadapa,India
Nice,France
Marietta,United States
Stockton on Tees,United Kingdom
Nainital,India
Chicago IL,United States
Whitworth Park,United Kingdom
Hinxton,United Kingdom
Rajpura,India
South Jakarta,Indonesia
Klecany,Czech Republic
Chitral,Pakistan
Liergues,France
Midlothian,United Kingdom
Hospitalet de Llobregat,Spain
Mississauga,Canada
Cagliari,Italy
Ongole,India
Kanchipuram,India
Imizu,Japan
Barceona,Spain
North Shields,United Kingdom
Birtinya,Australia
Sippy Downs,Australia
Thiruvananthapuram,India
,Trinidad and Tobago
Daugavpils,Latvia
Trnava,Slovakia
Rio,Greece
Iztapalapa,Mexico
Fort Belvoir,United States
Klerksdorp,South Africa
Hlabisa,South Africa
Keelung,Taiwan
Kaneohe,United States
Kunigami,Japan
Nago,Japan
Thuwal,Saudi Arabia
Sandakan,Malaysia
Sausalito,United States
Korolevu,Fiji
Yibin,China
Meishan,China
Palangka Raya,Indonesia
Kazan,Russian Federation
Kozhikode,India
Hamamatsu,Japan
List,Germany
Nakhon Nayok,Thailand
Nakorn Nayok,Thailand
Taxila,Pakistan
Mathura,India
Hengyang,China
Dongguan,China
Miao-li,Taiwan
Wuyishan,China
Al Kharj,Saudi Arabia
Taif,Saudi Arabia
Liaocheng,China
Amritsar,India
Ohkawa,Japan
Campobasso,Italy
Middlesex,United Kingdom
Popayan,Colombia
Mississippi State,United States
Sopron,Hungary
Marne-la-Vallee,France
Luneburg,Germany
Gqeberha,South Africa
Valdivia,Chile
Hod HaSharon,Israel
Karur,India
Erode,India
Amaravati,India
Sathyamangalam,India
Richland,United States
M'sila,Algeria
San'yo-Onoda,Japan
Banphaeo,Thailand
Taungoo,Myanmar
Minas Gerais,Brazil
Nizwa,Oman
Athens,United States
Selinsgrove,United States
Thana,India
Elmhurst,United States
Williamsburg,United States
Cherry Hill,United States
Kelantan,Malaysia
Hualien,Taiwan
Indralaya,Indonesia
Marbella,Spain
Satun,Thailand
Togane,Japan
Matamoros,Mexico
Dordrecht,Netherlands
Karnataka,India
Marcy-l'Etoile,France
Shaoyang,China
Barueri,Brazil
Huizen,Netherlands
Karabuk,Turkey
Nankoku,Japan
Sisaket,Thailand
Thanjavur,India
Namakkal,India
Braine-l'Alleud,Belgium
Unterschleissheim,Germany
Changwon,South Korea
Ho Chi Minh Chi City,Viet Nam
Solapur,India
Libourne,France
San Luis Potos,Mexico
Tarsus,Turkey
Jaysingpur,India
Şlrnak,Turkey
Vigo,Spain
Bilthoven,Netherlands
Kigali,Rwanda
Manhica,Mozambique
Chía,Colombia
Tacuarembo,Uruguay
Mihintale,Sri Lanka
Banjul,Gambia
Kadhava,India
Popoyán,Colombia
Santa Cruz de la Sierra,Bolivia
Freetown,Sierra Leone
Zeist,Netherlands
Kisumu,Kenya
Sibu,Malaysia
As,Norway
Bahawalpur,Pakistan
Tapachula,Mexico
Ban Kluai,Thailand
Mukdahan,Thailand
Bela Vista,Brazil
Getafe,Spain
Newport,United Kingdom
Madang,Papua New Guinea
Abercynon,United Kingdom
Blackburn,United Kingdom
Maidstone,United Kingdom
Samutprakarn,Thailand
Tien Giang,Viet Nam
Attard,Malta
Pilani,India
Dorset,United Kingdom
Annaba,Algeria
Vaxjo,Sweden
Windhoek,Namibia
Monterrey,Mexico
Meudon,France
Oberkochen,Germany
Frankfurt a.M,Germany
Beltsville,United States
Presov-Lubotice,Slovakia
Indiana,United States
Osijek,Croatia
Ashland City,United States
Pamplona,Spain
Mugla,Turkey
Akungba-Akoko,Nigeria
Krems an der Donau,Austria
Mandaluyong,Philippines
Mannheim,Germany
Tena,Ecuador
Abakaliki,Nigeria
Abbotsford,Canada
Jiaosi,Taiwan
Hawthorn,Australia
Kent,United States
Menomonie,United States
Afyonkarahisar,Turkey
Witten,Germany
Arcata,United States
Sibiu,Romania
Winterthur,Switzerland
Lafayette,United States
Montclair,United States
Galway,Ireland
Bilbao,Spain
Sewanee,United States
Banska Bystrica,Slovakia
Opole,Poland
Punta Arenas,Chile
River Forest,United States
Hildesheim,Germany
Cuiaba,Brazil
Kathmandu,India
Bata Caves,Malaysia
Heverlee,Belgium
Ananindeua,Brazil
Prachin Buri,Thailand
Sudbury,Canada
Gloucester Point,United States
Corpus Christi,United States
Al-Majmaah,Saudi Arabia
Cheyyar,India
Nakhon-Si-Thammarat,Thailand
My Tho City,Viet Nam
Canonsburg,United States
Dnipro,Ukraine
Sumy,Ukraine
San Juan City,Philippines
Nasik,India
Nagapattinam,India
Inzai,Japan
Xalapa,Mexico
Hjorring,Denmark
Modena,Italy
Foz do Iguacu,Brazil
Hongcheon-gun,South Korea
Yichang,China
Taguig,Philippines
Seki,Japan
Şo srnak,Turkey
Nha Trang,Viet Nam
Rajadevi,Thailand
Somerville,United States
Kashihara,Japan
Heves,Hungary
Minsk Region,Belarus
Omsk,Russian Federation
Mostar,Bosnia and Herzegovina
Chisinau,Moldova
Yeovil,United Kingdom
Vijayawada,India
Westbrook,United States
Morehead,United States
Tuy Hoa,Viet Nam
Virudhunagar,India
Chester,United Kingdom
Sargodha,Pakistan
Vina del Mar,Chile
Leioa,Spain
Duzce,Turkey
Mendoza,Argentina
Skovde,Sweden
Bor Rai,Thailand
Klang,Thailand
Lamsing,Thailand
Khao Khitchakut,Thailand
"Hamura-shi, Tokyo",Japan
Donostia-San Sebastian,Spain
Gubbio,Italy
Corciano,Italy
Mihama,Japan
Allahabad,India
Djelfa,Algeria
Trier,Germany
Villenave-d'Ornon,France
Hamilton,United States
Birmensdorf,Switzerland
Florencia,Colombia
Champenoux,France
Riobamba,Ecuador
Moncada,Spain
Muncheberg,Germany
Turrialba,Costa Rica
Edgewater,United States
Hitachi,Japan
Jaen,Spain
Fairbanks,United States
Caquetá,Colombia
Saint Christophe,Italy
Eberswalde,Germany
Santa Cruz,Argentina
,New Zealand
Global City,Philippines
"Klongtoey, Bangkok",Thailand
Weifang,China
West Sacramento,United States
Chumphon,Thailand
North Ryde,Australia
Nay Phi Tau,Myanmar
Surrey,United Kingdom
Laurel,United States
"Yezin, Nay Pyi Taw",Myanmar
"Dusit, Bangkok",Thailand
Pleven,Bulgaria
Griffin,United States
Boca Raton,United States
Brașov,Romania
Ampang Jaya,Malaysia
Okemos,United States
Boise,United States
Allerod,Denmark
Tamil Nadu,India
Minakami,Japan
Xuzhou,China
Long Xuyen City,Viet Nam
Maywood,United States
Surin,Thailand
"Pachuca, Hgo",Mexico
Santa Monica,United States
Williamstown,United States
Pieve Emanuele,Italy
Singapore,Singapore
Port-au-Prince,Haiti
Pensacola,United States
Liège,Belgium
Rishikesh,India
Dalat,Viet Nam
Nankang,Taiwan
Ebetsu,Japan
Esch-sur-Alzette,Luxembourg
New Brunswick,Canada
Berga,Germany
Reinbek,Germany
Amphoe Muang,Thailand
Longtan,Taiwan
Prescot,United Kingdom
Phrae,Thailand
Duluth,United States
Mysore,India
Gelegphu,Bhutan
"Ratchathewi, Bangok",Thailand
St. Catharines,Canada
Ranong,Thailand
Dhanbad,India
Stord,Norway
Sassari,Italy
Dong Nai Province,Viet Nam
Haa,Bhutan
Karlstad,Sweden
Kamphaeng Phet,Thailand
Badulla,Sri Lanka
Pontianak,Indonesia
Palisades,United States
South Hadley,United States
Cranfield,United Kingdom
Corner Brook,Canada
Iwate District,Japan
Kuala Terengganu,Malaysia
Lokoja,Nigeria
Crete,Italy
Lugano,Switzerland
Spartanburg,United States
Ede,Nigeria
Ciudad Valles,Mexico
Kota,India
Bhilai,India
Ongkharak,Thailand
Samut Songkram,Thailand
Goroka,Papua New Guinea
Ward,Viet Nam
Miao-li,China
Borne,Bhutan
,Cambodia
Ariel,Israel
Gabes,Tunisia
La Rochelle,France
Iquitos,Peru
Tarrytown,United States
Edirne,Turkey
Sverdlovsk,Russian Federation
Batumi,Georgia
Arkhangelsk,Russian Federation
Aviano,Italy
Reggio Calabria,Italy
Stade,Germany
Huaibei,China
Zahedan,Iran
Jhelum,Pakistan
Monash,Australia
Nara,Japan
Kunshan,China
Gradignan,France
Hampton,United States
Hull,United Kingdom
Tiruchengode,India
Vellakulam,India
Ismalia,Egypt
Pushchino,Russian Federation
Mishima,Japan
Manassas,United States
Krishnankoil,India
Le Chesnay,France
50 Grand Junction,United States
Elverum,Norway
Noakhali,Bangladesh
Astana,Kazakhstan
Bangpa-In Ayutthaya,Thailand
Sahiwal,Pakistan
Haripur,Pakistan
York,United States
Patiala,India
Hail,Saudi Arabia
Ghaziabad,India
Muak Lek,Thailand
Phagwara,India
Monastir,Tunisia
Samara,Russian Federation
Manggar,Indonesia
Sonipat,India
Entebbe,Uganda
Palu,Indonesia
Bangrak,Thailand
Jodhpur,India
Mandi,India
Sa Pa,Viet Nam
Khlong Nueng,Thailand
Bastia,France
Leogane,Haiti
Sarawak,Malaysia
L eogâne,Haiti
Sovenga,South Africa
Georgetown,Malaysia
Sohag,Egypt
Pennington,United States
Victoria,Australia
Hausham,Germany
Torres Vedras,Portugal
"My Tho city, Tien Giang",Viet Nam
Ahvaz,Iran
Nakorn-Ratchasima,Thailand
Lleida,Spain
Borstel,Germany
Nuthetal,Germany
Catanzaro,Italy
Urbino,Italy
Camerimo,Italy
San Diego CA,United States
Providencia,Chile
Bareilly,India
Ciudad Real,Spain
New Damietta,Egypt
Flint,United States
Baronissi,Italy
Ansan,South Korea
Pozuelo de Alarcon,Spain
Thiruvarur,India
Klosterneuburg,Austria
Magdalenka,Poland
Wanju-gun,South Korea
Ancona,Italy
Elche,Spain
Scarborough,United States
Corunna,Spain
Colima,Mexico
Trois-Rivieres,Canada
Le Rheu,France
Halle,Germany
Leon,Spain
Teramo,Italy
Badajoz,Spain
Laval,Canada
Huainan,China
Messina,Italy
Las Palmas de Gran Canaria,Spain
Tuzla,Turkey
Amarillo,United States
Hwaseong,South Korea
Waterville,United States
Shreveport,United States
Fayetteville,United States
Chieti,Italy
Craova,Romania
Mar de Plata,Argentina
Rootstown,United States
Missoula,United States
Faridabad,India
White Plains,United States
Zhanjiang,China
Gentilly,France
Kaiserslautern,Germany
Kollam,India
Sadat City,Egypt
Doylestown,United States
Indore,India
Old Westbury,United States
Grand Rapids,United States
Srinagar,India
Caen,France
Puducherry,India
Homburg,Germany
Oldenburg,Germany
Kashan,Iran
Plouzane,France
Tsu,Japan
Illkirch-Graffenstaden,France
Ishikari District,Japan
Kyotanabe,Japan
"Moncton, New Brunswick,",Canada
Mount Pleasant,United States
Daedok-gu,South Korea
Toledo,Spain
Thousand Oaks,United States
Kerala,India
Roanoke,United States
Southfield,United States
Ariano Irpino,Italy
Luzhou,China
Toon,Japan
Limoges,France
Bosisio Parini,Italy
Candiolo,Italy
Grand Forks,United States
Pozzilli,Italy
Sioux Falls,United States
Flushing,United States
Hinthada,Myanmar
Bhaktapur,Nepal
Nakhonnayok,Thailand
River Falls,United States
Lively,Canada
Raipur,India
Iskandar Puteri,Malaysia
Dourados,Brazil
San Marcos,United States
Westminster,United States
Middlebury,United States
Trollhattan,Sweden
Rio Grande,Brazil
Middletown,United States
Caloocan,Philippines
Arlesheim,Switzerland
Saratov,Russian Federation
Ogaki,Japan
Quang Ngai,Viet Nam
Kyaukse Township,Myanmar
Rockhampton,Australia
Dusit,Thailand
Pato Branco,Brazil
Guarapuava,Brazil
Oneonta,United States
Jessore,Bangladesh
Gazipur,Bangladesh
Bollington,United Kingdom
Morogoro,Tanzania
Ngaoundere,Cameroon
Conakry,Guinea
Monrovia,Liberia
Sitiawan,Malaysia
Nilai,Malaysia
Kahramanmaras,Turkey
Isparta,Turkey
Nakonratchasrima,Thailand
Mohali,India
Bac Lieu,Viet Nam
Volgograd,Russian Federation
Manado,Indonesia
Zaventem,Belgium
Waverly,United States
Chantaburi,Thailand
Greater Noida,India
Najran,Saudi Arabia
Arecibo,United States
Campeche,Mexico
Warminster,United States
Aydin,Turkey
Colorado Springs,United States
Pollachi,India
Jerash,Jordan
Serang,Indonesia
Muang Thong Thani,Thailand
South Tangerang,Indonesia
Kiruna,Sweden
Nabari,Japan
n'Djamena,Chad
Kaifeng,China
Monroe,United States
Basingstoke,United Kingdom
Roi-et,Thailand
Akluj,India
Vero Beach,United States
Praia,Cape Verde
Vlora,Albania
Ho,Ghana
Congella,South Africa
Khemis Miliana,Algeria
Mahe,Seychelles
Kabul,Afghanistan
Aleppo,Syrian Arab Republic
Saskatoon,Canada
Caseros,Argentina
Cassino,Italy
Abomey-Calavi,Benin
Son,Norway
Nanoro,Burkina Faso
Riejka,Croatia
Belize City,Belize
Hurlingham,Argentina
Bissau,Guinea-Bissau
Plattsburgh,United States
Belmopan,Belize
Himachal Pradesh,India
Port Louis,Mauritius
Bolivar,Venezuela
Houten,Netherlands
Risskov,Denmark
Chakwal,Pakistan
Brazzaville,Congo
Steyning,United Kingdom
Greeley,United States
Shaqra,Saudi Arabia
Chakdara,Pakistan
Oradea,Romania
Laghouat,Algeria
Annecy le Vieux,France
Bures sur Yvette,France
San Mateo,United States
Phichit,Thailand
East Java,Indonesia
Diwaniyah,Iraq
Wagga Wagga,Australia
Espoo,Finland
Muroran,Japan
Rasht,Iran
Madinah,Saudi Arabia
Kritipur,Nepal
Bannu,Pakistan
Douliou,Taiwan
Zhangzhou,China
Thanh Hoa,Viet Nam
Annapolis,United States
Ardmore,United States
Bangkok 10300,Thailand
Zagazig,Egypt
Murfreesboro,United States
Chengalpattu,India
Datong,China
Westcliff-on-Sea,United Kingdom
Ponzan,Poland
San José,Costa Rica
Newburgh,United Kingdom
Idlib,Syrian Arab Republic
Frontier,Chile
Venice,Italy
Ormskirk,United Kingdom
Hillah,Iraq
Toowoomba,Australia
Hong Kong SAR,Hong Kong
Hong Kong S.A.R.,Hong Kong
Amiens,France
Shimoga,India
"Khlong Toei, Bangkok",Thailand
Bata Cabs,Malaysia
El Tor,Egypt
Ponta Delgada,Portugal
Stirling,United Kingdom
Ho Chi Hinh City,Viet Nam
Chidambaram,India
Frederiksberg,Denmark
"Wangmai District, Bangkok",Thailand
Saint-Quentin,France
Thoothukudi,India
"Thethi, Nagapattinam",India
Huntsville,United States
Foshan,China
Pakkred,Thailand
Bacolod City,Philippines
Tacloban,Philippines
Sylhet,Bangladesh
Shahrood,Iran
Dimapur,India
Abbottabad,Pakistan
Luliang,China
Gliwice,Poland
Solna,Sweden
Yaba,Nigeria
Rogaska Slatina,Slovenia
Dharan,Nepal
Vinnytsia,Ukraine
Ferozepur,India
Buleleng,Indonesia
Durgapur,India
Silchar,India
Moriguchi,Japan
Hyogo,Japan
Nugegoda,Sri Lanka
Bagla,India
"Hohhot, Inner Mongolia",China
Siddipet,India
Southport,Australia
Belem,Brazil
,Guinea
Nanaimo,Canada
Musanze,Rwanda
Sungai,Malaysia
Latakia,Syrian Arab Republic
Tartus,Syrian Arab Republic
Grosseto,Italy
San Donato Milanese,Italy
Albacete,Spain
Arezzo,Italy
Bergamo,Italy
Sophia Antipolis,France
Cremona,Italy
Valladolid,Spain
York City,United States
"Cinisello Balsamo, Milan",Italy
Tuscany,Italy
Sion,Switzerland
San Lorenzo,Italy
Kuressaare,Estonia
Kafr El-Zayat,Egypt
Polla,Italy
Sondrio,Italy
Lehi,United States
Stamford,United States
Prato,Italy
Massa,Italy
Treviso,Italy
Belluno,Italy
Lucca,Italy
Libechov,Czech Republic
"Thataguni, Bangalore",India
Zibo,China
Troy,United States
Rio Cuarto,Argentina
Thu Dau Mot,Viet Nam
Heist-op-den-Berg,Belgium
Epsom,United Kingdom
Jerez de la Frontera,Spain
Balikpapan,Indonesia
Cavite,Philippines
Poole,United Kingdom
Pembury,United Kingdom
Grimsby,United Kingdom
Barrow-in-Furness,United Kingdom
Chesterfield,United Kingdom
Southend-on-Sea,United Kingdom
Peterborough,United Kingdom
Southport,United Kingdom
Warrington,United Kingdom
Larbert,United Kingdom
Tyne and Wear,United Kingdom
Clydebank,United Kingdom
Burton upon Trent,United Kingdom
Wishaw,United Kingdom
King's Lynn,United Kingdom
Gillingham,United Kingdom
Watford,United Kingdom
Halifax,United Kingdom
Wigan,United Kingdom
Oldham,United Kingdom
Chichester,United Kingdom
Crosshouse,United Kingdom
Bedford,United Kingdom
Huntingdon,United Kingdom
Ipswich,United Kingdom
Saint Leonards,United Kingdom
Whitehaven,United Kingdom
Truro,United Kingdom
Dumfries,United Kingdom
Southall,United Kingdom
Airdrie,United Kingdom
Dudley,United Kingdom
Dartford,United Kingdom
Bolton,United Kingdom
Isleworth,United Kingdom
West Bromwich,United Kingdom
Harefield,United Kingdom
Scarborough,United Kingdom
Portadown,United Kingdom
Sutton in Ashfield,United Kingdom
Keighley,United Kingdom
Stockport,United Kingdom
Bury,United Kingdom
Aylesbury,United Kingdom
Livingston,United Kingdom
Blackpool,United Kingdom
Gloucester,United Kingdom
Haverfordwest,United Kingdom
Barnet,United Kingdom
Scunthorpe,United Kingdom
Nuneaton,United Kingdom
Winchester,United Kingdom
Croydon,United Kingdom
Darlington,United Kingdom
Barnsley,United Kingdom
Haywards Heath,United Kingdom
Wakefield,United Kingdom
Rotherham,United Kingdom
Bury St Edmunds,United Kingdom
Wrexham,United Kingdom
Dorchester,United Kingdom
Eastbourne,United Kingdom
Ashton-under-Lyne,United Kingdom
Chertsey,United Kingdom
Preston,United Kingdom
Worcester,United Kingdom
Walsall,United Kingdom
Torquay,United Kingdom
Rhyl,United Kingdom
Boston,United Kingdom
Hereford,United Kingdom
Merthyr Tydfil,United Kingdom
Romford,United Kingdom
Ashford,United Kingdom
Redhill,United Kingdom
Taunton,United Kingdom
Harlow,United Kingdom
Carlisle,United Kingdom
Barnstaple,United Kingdom
Warwick,United Kingdom
Inverness,United Kingdom
Chelmsford,United Kingdom
Carmarthen,United Kingdom
Wirral,United Kingdom
Kirkcaldy,United Kingdom
Shrewsbury,United Kingdom
Salisbury,United Kingdom
Llantrisant,United Kingdom
East Kilbride,United Kingdom
Muscatine,United States
"Polla, Salerno",Italy
Great Abington,United Kingdom
Nakhon Ratchasrima,Thailand
Dibrugarh,India
Assergi,Italy
Hidalgo,Mexico
Ila,New Zealand
Agdal Rabat,Morocco
Nantong,China
Merced,United States
Petaluma,United States
Bridgeport,United States
Gujrat,Pakistan
Plan-les-Ouates,Switzerland
Hengelo,Netherlands
Chuo-ku,Japan
Glencoe,United States
Minot,United States
Whitehorse,Canada
Sackville,Canada
Minden,Germany
Ontario,Canada
Surat,India
Taitung,Taiwan
Bandar Puncak Alam,Malaysia
Salmiya,Kuwait
Ceará,Brazil
Kashiwa,Japan
Courbevoie,France
Thunder Bay,Canada
Natal,Brazil
Manisa,Turkey
Fredonia,United States
Lawrenceville,United States
Thibodaux,United States
Obu,Japan
Leeuwarden,Netherlands
Dumaguete,Philippines
Mawlamyine,Myanmar
Bohol,Philippines
Provincetown,United States
Dong Nai,Viet Nam
Bad Mergentheim,Germany
Sierre,Switzerland
Roskilde,Denmark
Kragujevac,Serbia
Setif,Algeria
Martin,Slovakia
Galati,Romania
Georgetown,Guyana
Peoria,United States
Swabi,Pakistan
Fall Church,United States
Limassol,Cyprus
Potsdam,United States
Emporia,United States
,Croatia
Buri Ram,Thailand
Russellville,United States
Krabi,Thailand
Arnsberg,Germany
Bang Phut,Thailand
Chania,Greece
Dummerstorf,Germany
Pulawy,Poland
Florence,United States
Kedah,Malaysia
Chenggong,China
Sevenoaks,United Kingdom
Malang City,Indonesia
Billingshurst,United Kingdom
Reynoldsburg,United States
Mbour,Senegal
Koharah,Australia
Putian,China
Guanajuato,Mexico
Toulon,France
't Horntje,Netherlands
Distrito Federal,Mexico
Bishopstown,Ireland
San Luis Obispo,United States
Greencastle,United States
Malacca,Malaysia
Sathorn,Thailand
"Bangkhen, Bangkok",Thailand
"Muang District,Nakhon Ratchasima",Thailand
Nagano,Japan
Le Guedeniau,France
Yung Kung,Taiwan
Makale,Ethiopia
Mwanza,Tanzania
Victoria,Mauritius
"Muang, Ubon Ratchathani",Thailand
"Pak Kret, Nonthaburi",Thailand
Amersfoort,Netherlands
Shimonoseki,Japan
Pessac-Bordeaux,France
Krefeld,Germany
Thiruvalla,India
Kermanshah,Iran
Kyambogo,Uganda
Windisch,Switzerland
Portogruaro,Italy
,Kazakhstan
Irrua,Nigeria
Chur,Switzerland
Lombard,United States
Wetzikon,Switzerland
Geneve,Switzerland
Mymensingh,Bangladesh
Dinajpur,Bangladesh
Bogura,Bangladesh
San Jaun,Philippines
Amsterdum,Netherlands
Villanova,United States
Gangtok,India
Boras,Sweden
Makkum,Netherlands
Yale,United States
Yangoon,Myanmar
Huzhou,China
Gunsan,South Korea
Nur-Sultan,Kazakhstan
Santa Clara,Cuba
Seri Kembangan,Malaysia
Trencin,Slovakia
Elazig,Turkey
Murray,United States
Morrisville,United States
Wyndmoor,United States
Cary,United States
Slippery Rock,United States
Male,Maldives
Abu Dis,Palestine
Port,Trinidad and Tobago
Canakkale,Turkey
Latur,India
Sakharkherda,India
Snowflake,United States
"Yogyakarta, Yogyakarta",Indonesia
"Bandung, Jawa Barat",Indonesia
"Jambi, Jambi",Indonesia
"Kediri, Jawa Timur",Indonesia
Mansehra,Pakistan
Janakpur,Nepal
Misan,Iraq
"City Kotli, Azad Jammu and Kashmir",Pakistan
Peechi,India
New Borg El Arab,Egypt
Novo Mesto,Slovenia
Kokubunji,Japan
Yunnan,China
Brandon,Canada
Odawara,Japan
Mueang Nonthaburi,Thailand
Ratchathewi,Thailand
Bangkok,Indonesia
Palangkaraya,Indonesia
Vancouver,United States
Region,Myanmar
Northfield,United States
Gudivada,India
Roi-Et,Thailand
Natori,Japan
Seenlasht,Pakistan
Delemont,Switzerland
Lamongan,Indonesia
Alabama,United States
Kudus,Indonesia
Vaddeswaram,India
Ruse,Bulgaria
Pak Chong,Thailand
Gongju,South Korea
Jeffersonville,United States
Chapeco,Brazil
Culiacan,Mexico
New Iberia,United States
Beaverton,United States
"Map Ta Phut, Rayong",Thailand
Qiryat Shemona,Israel
Johnson City,United States
Rajapalayam,India
Nelson,New Zealand
Takasaki,Japan
Bucaramanga,Colombia
Cotonou,Benin
Poltava,Ukraine
Wilrijk,Belgium
Minya,Egypt
Monte Blanche,Mauritius
Maqabah,Bahrain
Oeiras,Portugal
Shibin Al Kawm,Egypt
Hoogland,Netherlands
Batna,Algeria
Ras al Khaimah,United Arab Emirates
Teddington,United Kingdom
Venjarammoodu,India
Saint-Dizier,France
Oranjestad,Aruba
Machida,Japan
Malappuram,India
Surry Hills,Australia
Shimla,India
Balrampur,India
Bolpur,India
Utrecht,Belgium
Bathurst,Australia
"Chatuchak, Bangkok",Thailand
Zhejiang,China
Samutprakan province,Thailand
Zomba,Malawi
Joensuu,Finland
Samutprakan,Thailand
"Klong Gleua, Pakkred Nonthaburi",Thailand
Pantnagar,India
Jhunjhunun,India
Si Maha Phot,Thailand
Taguig City,Philippines
Wallingford,United Kingdom
Gatineau,Canada
Muzaffarnagar,India
Rancagua,Chile
Paphos,Cyprus
Aix-en-Provence,France
Barranquilla,Colombia
Valmiera,Latvia
Maragheh,Iran
Ado-Ekiti,Nigeria
Jonquiere,Canada
Kristiansand,Norway
101 Reykjavík,Iceland
Jounieh,Lebanon
Sousse,Tunisia
Klaipeda,Lithuania
Serdivan,Turkey
Virginia Beach,United States
Almeria,Spain
Khulna,Bangladesh
Bielsko-Biala,Poland
Miskolc,Hungary
Barbacena,Brazil
New Prague,United States
La Salle,India
Gdansk,Poland
Gyanpur,India
Horten,Norway
Tunceli,Turkey
Tosu,Japan
Al Madinah,Yemen
Mohanpur,India
Mueang,Thailand
Pathein,Myanmar
La Cuesta,Spain
Chiyyedu,India
Pattaya,Thailand
Shibin El Kom,Egypt
Otwock-Cwierk,Poland
Benghazi,Libya
Lethbridge,Canada
Ogbomoso,Nigeria
Guatemala,Guatemala
Osogbo,Nigeria
Bahir Dar,Ethiopia
Mehsana,India
Ambala,India
Hisar,India
Ubon Ratchatani,Thailand
Boulogne-Billancourt,France
Navarra,Spain
Davangere,India
Kasaragod,India
Killybegs,Ireland
Itabuna,Brazil
Ivry-sur-Seine,France
Rize,Turkey
Kangham-Gu,South Korea
Queretaro,Mexico
"Bata Cabs, Selangor",Malaysia
Łód´ z,Poland
La-Réunion,France
A Coruna,Spain
Sault Ste Marie,United States
Braganca,Portugal
Bahia Blanca,Argentina
Lunz am See,Austria
Monterotondo,Italy
Manno,Switzerland
Cankiri,Turkey
Bujumbura,Burundi
Peterborough,Canada
Evora,Portugal
Kirikkale,Turkey
Coleraine,United Kingdom
Oranmore,Ireland
Osie,Poland
Hillerod,Denmark
Brimley,United States
"Bangjak, Prakanong, Bangkok",Thailand
Be’er Ya’akov,Israel
Changa,India
Shirpur,India
Jadcharla,India
Palghar,India
Mianwali,Pakistan
"Brasília, Distrito Federal",Brazil
Herning,Denmark
Randers,Denmark
Holbak,Denmark
Grålum,Norway
Hamar,Norway
Kemiling,Indonesia
Como,Italy
Yala,Thailand
Puente Alto,Chile
Ben Guerir,Morocco
Wuhu City,China
Rohtak,India
Palakkad,India
Pasto,Colombia
Baracaldo,Spain
Glostrup,Denmark
Hong Kong,Taiwan
Santos,Brazil
Vinci,Italy
Inashiki District,Japan
Baoding,China
Kandy,Sri Lanka
Reggio Emilia,Italy
Simferopol,Ukraine
Manizales,Colombia
Ruzomberok,Slovakia
Larissa,Greece
Toscana,Italy
Tula de Allende,Mexico
Tullamore,Ireland
Buon Ma Thuot,Viet Nam
Sabadell,Spain
Santa Cruz do Sul,Brazil
Aracatuba,Brazil
Domodossola,Italy
San Juan,Philippines
Maryville,United States
Ulrika,Sweden
Anshan,China
Esfarāyen,Iran
Yantai,China
Sakai,Japan
Temixco,Mexico
Petah Tiqwa,Israel
Bussolengo (VR),Italy
Barletta,Italy
Kandi,India
Jigjiga,Ethiopia
Itajuba,Brazil
Erfurt,Germany
Takatsuki,Japan
Zwolle,Netherlands
Kilakarai,India
Solihull,United Kingdom
Alton,United Kingdom
Foggia,Italy
Lakeland,United States
Rajam,India
Madera,United States
Bang len,Thailand
Karamsad,India
Garran,Australia
Itapetining,Brazil
Shillong,India
Tumkur,India
Goyangsi,South Korea
Natick,United States
Huangshan,China
Tanjung Pinang,Indonesia
"Kolonia, Palikir",Federated States of Micronesia
"Chromepet, Chennai",India
Luzern,Switzerland
Chitose,Japan
Novocherkassk,Russian Federation
Samborondon,Ecuador
Commack,United States
Nunar,India
Mittelhausen,Switzerland
Jeju,South Korea
Talca,Chile
Weno,Federated States of Micronesia
Hillsboro,United States
Puerto Montt,Chile
Erie,United States
Irving,United States
Dublin,United States
Christchurch,United Kingdom
Tuyong,Thailand
Paknam,Thailand
Vernier,Switzerland
Mountain Brook,United States
Newtown,India
Damghan,Iran
Khyber Pakhtunkhwa,Pakistan
Golnik,Slovenia
Cartagena,Colombia
Langen,Germany
Mantova,Italy
Torrette,Italy
Padermo Dugnano,Italy
Satara,India
Wang-mai District,Thailand
Lhasa,China
Nyingchi,China
Central,Hong Kong
Byblos,Lebanon
and Las Vegas,United States
Toki,Japan
Ternate,Indonesia
Unwana,Nigeria
Tirunelveli,India
Prachuap Khirikhan,Thailand
Sialkot,Pakistan
Mohmand,Pakistan
Buner,Pakistan
Wah,Pakistan
Biratnagar,Nepal
Rampur,Nepal
Neijiang,China
Aubière,France
Adama,Ethiopia
San Lorenzo,Paraguay
Santiago,Cape Verde
Edison,United States
Kirishima,Japan
Miyakonojo,Japan
Plodiv,Bulgaria
Chenzhou,China
West Chester,United States
Tan Hiep Ward,Viet Nam
Kiryat Bialik,Israel
Phoeniz,United States
Nakorn,Thailand
Aiken,United States
Viña del Mar,Chile
Agona,Ghana
St Albans,Australia
Whangarei,New Zealand
Venlo,Netherlands
Bikaner,India
Mahasarakam,Thailand
Sakaeo,Thailand
Bronx,United States
Cavite City,Philippines
Jal Eddib,Lebanon
Assomada,Cape Verde
Welwyn Garden City,United Kingdom
Kherva,India
Balmullo,United Kingdom
Viedma,Argentina
Kanglung,Bhutan
Radford,United States
Pusa,India
Angeles City,Philippines
Lipa City,Philippines
Lianga,Philippines
Udaipur,India
Palampur,India
Hanzhong,China
Fontainebleau,France
Kerikeri,New Zealand
Kawagoe,Japan
Iwatsuki,Japan
Narita,Japan
Ife,Nigeria
La Paz,Spain
Angamaly,India
Suzaka,Japan
Kakegawa,Japan
Haugesund,Norway
Al-Qadisiyah,Iraq
"Kupang, Timor",Indonesia
Ma'an,Jordan
Bho Ploi,Thailand
Petropolis,Brazil
Rivadavia,Argentina
Newtown,Australia
Las Cruces,United States
Helena-West Helena,United States
Monswiller,France
Wolfach,Germany
Haridwar,India
Rajkot,India
Bardoli,India
Rotorua,New Zealand
Nashik,India
Buldana,India
Ampang,Malaysia
Minami-saitama District,Japan
Belihuloya,Sri Lanka
Ratnapura,Sri Lanka
Aceh,Indonesia
Rajouri,India
My Tho,Viet Nam
Azogues,Ecuador
Tihany,Hungary
Vacratot,Hungary
Cyberjaya,Malaysia
Gonabad,Iran
Safat,Kuwait
Monforte de Lemos,Spain
Naawan,Philippines
Wichita Falls,United States
Famagusta,Turkey
Nancy,United States
Skopje,Serbia
Troisdorf,Germany
Daisen-shi,Japan
Pokhara,Nepal
Butwal,Nepal
Samutsakhon,Thailand
Cagayan de Oro City,Philippines
El Hadjar,Algeria
Lambarene,Gabon
Michigan City,United States
Piraeus,Greece
Cesena,Italy
Monza,Italy
Peschiera del Garda,Italy
Cona,Italy
Cuenca,Ecuador
Manresa,Spain
Gomel,Belarus
Mestre,Italy
Piacenza,Italy
Parker,United States
Cuneo,Italy
Aden,Yemen
Forli,Italy
Biella,Italy
Leganes,Spain
Kaliningrad,Russian Federation
Vila Nova de Gaia,Portugal
Chernivtsi,Ukraine
Fuenlabrada,Spain
Ponta Grossa,Brazil
Clamart,France
Kavala,Greece
Orbetello,Italy
Harper,Liberia
"Milan, Magenta",Italy
Putyla,Ukraine
Ciudad AutÃ3noma de Buenos Aires,Argentina
Krakaw,Poland
"Aviano, Rome",Italy
São José dos Campos,Brazil
Sant Joan DespÃ,Spain
VITTORIO VENETO,Italy
Francavilla Fontana,Italy
A Coruña,Spain
Enna,Italy
Benevento,Italy
Bragança,Portugal
Melzo,Italy
Syracusa,Italy
Pawi,Ethiopia
Catanduva,Brazil
Ciudad de México,Mexico
Vladimir,Russian Federation
Vittorio Veneto,Italy
Zinder,Niger
Erba,Italy
Andria,Italy
San Benedetto del Tronto,Italy
Urduliz,Spain
Misrata,Libya
Molfetta,Italy
VIBO VALENTIA,Italy
Giannitsa,Greece
Barreiro,Portugal
Cosenza,Italy
Mollet del Valles,Spain
Verdellino,Italy
Wetzlar,Germany
Busto Arsizio,Italy
Riccione,Italy
Corigliano-Rossano,Italy
Macerata,Italy
Haarlem,Netherlands
Mozyr,Belarus
Hoofddorp,Netherlands
Civita Castellana,Italy
Bintulu,Malaysia
Poissy,France
Novi Pazar,Serbia
Penafiel,Portugal
Kocaeli,Turkey
Amadora,Portugal
Rovigo,Italy
Malau,Fiji
Borgomanero,Italy
Kariapatti,India
Mexicali,Mexico
Chetumal,Mexico
Gorgan,Iran
Bangka Tengah,Indonesia
Beijing,Thailand
Jinzhou,China
Jinhua,China
Jieyang,China
Vantaa,Finland
Bayan Nur,China
Greensboro,United States
Porto-Novo,Benin
Quzhou,China
Ankang,China
Maoming,China
Jingzhou,China
Meerut,India
Yamunanagar,India
Bishnupur,India
Handan,China
Fort William,Canada
Zhuzhou,China
St Hyacinthe,Canada
Xinxiang,China
Shahreza,Iran
Bruz,France
Kafr el-Sheikh,Egypt
,Egypt
Weihai,China
Aarhus C.,Denmark
Tsinghua,China
Yiyang,China
Dezful,Iran
Baise,China
Uyo,Nigeria
Awka,Nigeria
Wimauma,United States
Bozeman,United States
Redencao,Brazil
Santa Fe,United States
Magurele,Romania
Ilfov,Romania
Nanyang,China
Milan Unit,Italy
Fremantle,Australia
Oristano,Italy
Xinyu,China
Yangjiang,China
Anantnag,India
Khanpur Kalan,India
Tabuk,Saudi Arabia
Mafraq,Jordan
Bharuch,India
Leshan,China
Hines,United States
Iwata,Japan
Olsztyn,Poland
Slupsk,Poland
Straszyn,Poland
Pingdingshan,China
Lianyungang,China
Wadenswil,Switzerland
Auch,France
Braga/Guimarães,Portugal
La Jolla,United States
Babylon,Iraq
Geoje,South Korea
Taizhou,China
Yokosuka,Japan
Pozzuoli,Italy
Hamadan,Iran
Umuahia,Nigeria
Tripolis,Greece
Owerri,Nigeria
Al-Qubbah,Libya
Hassan,India
Sendenhorst,Germany
Garmisch-Partenkirchen,Germany
Landshut,Germany
West Hartford,United States
Davenport,United States
Glastonbury,United States
Arak,Iran
Changji,China
Beaumnt,United States
Dhemaji,India
Nongde,China
Karak,Jordan
Alicante,Spain
Villeneuve Sous Dammartin,France
Shihezi,China
Luoyang,China
Topi,Pakistan
Brissago,Switzerland
Gwalior,India
Krung Thep Maha Nakhon,Thailand
Grenzach-Wyhlen,Germany
Region Zealand,Denmark
Kishiwada,Japan
Yangpyeong,South Korea
Hawally,Kuwait
Kala Shah Kaku,Pakistan
Buckingham,United Kingdom
Hami,China
Noda,Japan
Fushun,China
Sodo,Ethiopia
An Nasiriyah,Iraq
Ghardaia,Algeria
Nicosia,Turkey
Sanya City,China
Hebei,China
Kastamonu,Turkey
Solsona,Spain
Amsterdam,United States
Kavaraipettai,India
Aguascalientes,Mexico
Brownsville,United States
Tianshui,China
Pangkalan Kerinci,Indonesia
Zhangjiakou,China
Jiroft,Iran
Daloa,Cote d'Ivoire
Las Rozas de Madrid,Spain
Al Hudaydah,Yemen
Qujing,China
Brookings,United States
Adelphi,United States
Woburn,United States
Gangseo-gu,South Korea
Vadapalani,India
Awassa,Ethiopia
"Talegaon Dabhade, Pune",India
Banda,India
Beni Mellal,Morocco
Cold Spring Harbor,United States
Rijswijk,Netherlands
Dera Ismail Khan,Pakistan
Ardakan,Iran
Ilam,Iran
Yasuj,Iran
Fasa,Iran
Bli Bli,Australia
Bar Harbor,United States
Yu Hang,China
Fremont,United States
Denkendorf,Germany
Tottori,Japan
Homestead,United States
Benha,Egypt
Guelma,Algeria
Tangshan,China
Mehtarlam City,Afghanistan
St Ingbert,Germany
Siracusa,Italy
Kapisa,Afghanistan
Qom,Iran
Secunderabad,India
"Techno city, Ri-Bhoi",India
Avignon,France
Villiers-le-Bâcle,France
Suresnes,France
Garches,France
Le Kremlin-Bicetre,France
Fort-de-France,France
Teresina,Brazil
Uberaba,Brazil
Lahti,Finland
Al-Baha,Saudi Arabia
Jinzhong,China
Fort Pierce,United States
Fisciano,Italy
Guangdong,China
Caerphilly,United Kingdom
Marib,Yemen
Witney,United Kingdom
El-Arish,Egypt
Bengbu,China
Spring,United States
Wuzhong,China
Sohar,Oman
Maroua,Cameroon
Garoua,Cameroon
Limbe,Cameroon
Alxa League,China
Ordos,China
New Minia,Egypt
Tamale,Ghana
Binzhou,China
Haining,China
Paratico,Italy
Zibo City,China
Rafsanjan,Iran
Millbrook,United States
Camerino,Italy
Liyang,China
Chofu,Japan
Hubei,China
Williamsport,United States
Igdir,Turkey
LanzhouGansu,China
"Lanzhou, Gansu",China
Lichuan,China
Shaoxing,China
Tando Jam,Pakistan
Bhimavaram,India
Nellore,India
"Medchal, Hyderabad",India
Neyagawa,Japan
Patancheru,India
Oromia,Ethiopia
Weinan,China
Jalandhar,India
Batman,Turkey
Winter Park,United States
Land O’ Lakes,United States
El Oued Province,Algeria
Biskra,Algeria
Saida,Algeria
Sidi Bel Abbes,Algeria
Ain Temouchent,Algeria
Arras,France
UmAl Quain,United Arab Emirates
Tomigusuku,Japan
Villeneuve-d'Ascq,France
Bhiwani,India
Broomfield,United States
Kabridahar,Ethiopia
Khalkhal,Iran
Chestertown,United States
Beer-Sheva,Israel
Annecy,France
Ulundi,South Africa
Western Cape,South Africa
Multan,Pakistan
Mostoles,Spain
Coquitlam,Canada
Swarthmore,United States
Baramati,India
Jammu,India
Freudpl,Austria
Selargius,Italy
Neunkirchen,Austria
Nangrahar,Afghanistan
Ambo,Ethiopia
Longowal,India
Amravati,India
Planegg,Germany
,Serbia
Loudi,China
Toyonaka,Japan
Lelystad,Netherlands
Guanghan,China
Zaozhuang,China
Hoyo de Manzanares,Spain
Beja,Tunisia
Rajampet,India
"Mirpur, Azad Kashmir",Pakistan
Lousa,Portugal
Moradabad,India
Cangzhou,China
Gumi,South Korea
Ilmenau,Germany
Mehtarlam,Afghanistan
Almora,India
Haldi,India
Prayer City,Nigeria
Yanbu al-Bahr,Saudi Arabia
Borujerd,Iran
Qazvin,Iran
Matagalpa,Nicaragua
Yangquan,China
Jiujiang,China
Hohhtot,China
Salt,Jordan
Sirohi,India
Xianning,China
Villahermosa,Mexico
Hafar al Batin,Saudi Arabia
Saar,Bahrain
Baqubah,Iraq
Skikda,Algeria
Easton,United States
Lisle,United States
Marand,Iran
Qena,Egypt
Roeselare,Belgium
Heliopolis,Egypt
Xianyang,China
Anhui,China
Monteria,Colombia
Malayer,Iran
Indang,Philippines
Bisha,Saudi Arabia
Kharagpur,India
Iwo,Nigeria
Aswan,Egypt
Muscle Shoals,United States
Chattahoochee Hills,United States
Ras Sedr,Egypt
Downey,United States
Escource,France
Babolsar,Iran
Fuqing,China
Yorba Linda,United States
Aral,China
Fangchenggang,China
Cuito,Angola
"Danzhou, Hainan",China
Danzhou,China
Samarkand,Uzbekistan
Shiyan,China
Sanming,China
Kharga,Egypt
Yanji,China
Tembilahan,Indonesia
Fuxin,China
Bandar Abbas,Iran
Lahij,Yemen
Wenshan,China
Mosman,Australia
Dover,United States
Changshu,China
Pompei,Italy
Aversa,Italy
Surampalem,India
Warangal,India
Arba Minch,Ethiopia
Mevalurkuppam,India
Nesodden,Norway
Port Said,Egypt
Tuokh,Egypt
Reus,Spain
Anyang,China
Fermoy,Ireland
"Tainan, 73657",Taiwan
Fukaya,Japan
Zabrze,Poland
Bagh,Pakistan
Kohat,Pakistan
Lakki Marwat,Pakistan
Nonoichi,Japan
Maadi,Egypt
Dindigul,India
Crozet,United States
Soest,Netherlands
Baarn,Netherlands
Abhar,Iran
Hezhou,China
Xiangyang,China
Mizan Teferi,Ethiopia
Sao Jose dos Campos,Brazil
Pampilhosa da Serra,Portugal
Costa Mesa,United States
Valais,Switzerland
Agra,India
"Panikahiti, Guwahati",India
Soddo,Ethiopia
Guimaraes,Portugal
Merelbeke,Belgium
Shangqiu,China
Dobrzyca,Poland
Diepenbeek,Belgium
Palwal,India
Siirt,Turkey
Ghazni,Afghanistan
Shahr-e Kord,Iran
Yancheng,China
Bretigny-sur-Orge,France
Córdoba,Argentina
Sambalpur,India
Guna,India
Sehore,India
Faversham,United Kingdom
Neyshabur,Iran
"Injibara, Amhara",Ethiopia
Thiruvallur,India
Tisaiyanvilai,India
Jijiga,Ethiopia
Nazareth,India
Sultanpur,India
Meizhou,China
Jiangsu,China
Ngari of Tibet,China
Aranjuez,Spain
Puertollano,Spain
Mbabane,Swaziland
Nurnberg,Germany
Bryan,United States
Abu Hammad,Egypt
Larnaca,Cyprus
Vari,Greece
El Entrego,Spain
Dornbirn,Austria
Royston,United Kingdom
Aichi District,Japan
Deggendorf,Germany
Van,Turkey
Baotou,China
Sanya,China
Skudai,Malaysia
Khorramabad,Iran
Ottobrunn,Germany
Birbhum,India
Mishan,China
Abingdon,United Kingdom
Ramsgate,United Kingdom
Edmonton Alberta,Canada
Camberley,United Kingdom
Vries,Netherlands
Sydney New South,United Kingdom
Sichuan,China
Montferrier-sur-Lez,France
Zarqa,Jordan
Arua,Uganda
Ashburn,United States
San Miguel de Tucuman,Argentina
Hebersham,Australia
Roseville,United States
Urganch,Uzbekistan
San Donà di Piave (VE),Italy
Monselice (PD),Italy
Legnago (VR),Italy
Logrono,Spain
Liaoyang,China
Lampung,Indonesia
Henan,China
Dodoma,Tanzania
Enoch,United States
Borama,Somalia
Selçuklu,Turkey
Jamshedpur,India
Chandler,United States
Severna Park,United States
Huazhou,China
Dembi Dollo,Ethiopia
Harpenden,United Kingdom
Quedlinburg,Germany
East Jakarta,Indonesia
Qingyang,China
Mollasani,Iran
Kitchener,Canada
Rovaniemi,Finland
Borgarnes,Iceland
Moncton,Canada
Francheville,France
Hulunbuir,China
Robe,Ethiopia
Hinwil,Switzerland
Amarkantak,India
Midnapore,India
Yulin,China
Zhongshan,China
Józefów,Poland
Creve Coeur,United States
Lenexa,United States
Jurong,China
Bordj El Bahri,Algeria
Kolea,Algeria
Amarah,Iraq
Nineveh,Iraq
Ufa,Russian Federation
Odesa,Ukraine
Melitopol,Ukraine
Zaporizhzhia,Ukraine
Andahuaylas,Peru
Chimbote,Peru
Tongling,China
Dessie,Ethiopia
Sgonico,Italy
El Calafate,Argentina
Pintong,Taiwan
Rizhao,China
Debre Tabor,Ethiopia
Omu Aran,Nigeria
Brandenburg,Germany
Canas,Costa Rica
Heredia,Costa Rica
Ahmednagar,India
Freising,Germany
Roma,Lesotho
Gwadar,Pakistan
Plymouth,United States
Bundaberg,Australia
Valhalla,United States
"Pathio, Chumphon",Thailand
Marsa Matruh,Egypt
Antakya,Turkey
Xiaogan,China
Osmaniye,Turkey
Butembo,Democratic Republic Congo
Goma,Democratic Republic Congo
East Hartford,United States
Agadir,Morocco
Vila de Marracuene,Mozambique
Bandirma,Turkey
Rhode-Saint-Genese,Belgium
Torreon,Mexico
Ensenada,Mexico
Santa Catarina,Mexico
Aba,Nigeria
Otuoke,Nigeria
Spittal an der Drau,Austria
"Wudil, Kano",Nigeria
Fontenay-aux-Roses,France
Anqing,China
Sirjan,Iran
"Santipur, Guwahati",India
Arar,Saudi Arabia
Furtwangen,Germany
Schiedlberg,Austria
Eniwa,Japan
Saint Paul lez Durance,France
Multhan,Pakistan
Vanasthali,India
Jundiai,Brazil
Uiwang,South Korea
Athabasca,Canada
Karnal,India
Santa Fe,Argentina
Renningen,Germany
Suqian,China
Chatsworth,United States
Bilaspur,India
Palapye,Botswana
Assosa,Ethiopia
Rapperswil,Switzerland
Vitznau,Switzerland
Valens,Switzerland
Dongying,China
"Gopalganj, Dhaka",Bangladesh
Gopalganj,Bangladesh
Suncheon,South Korea
Blaine,United States
Tariffville,United States
Herzogenrath,Germany
Neubiberg,Germany
Dschang,Cameroon
Muttenz,Switzerland
Saint-Priest-en-Jarez,France
El Bayadh,Algeria
Tlemcen,Algeria
Des Moines,United States
Tamanghasset,Algeria
"Nuh, Mewat",India
Kurukshetra,India
Bejaia,Algeria
Perpignan,France
Azad Jammu Kashmir,Pakistan
Constantine,Algeria
Bhagalpur,India
Vitoria,Brazil
Woods Hole,United States
Edwardsville,United States
Wanzhou,China
Chuo,Japan
Bron,France
Gyeonggi,South Korea
Ansan-si,South Korea
Kizugawa,Japan
Dolní Břežany,Czech Republic
Yongin,South Korea
Goleta,United States
Zhaoqing,China
,Monaco
Oesteraas,Norway
Enshi,China
Lankaran,Azerbaijan
Ostrava-Poruba,Czech Republic
Chuzhou,China
Siping,China
Kuala Langat,Malaysia
Vaasa,Finland
BROOKLYN,United States
Leon,Montenegro
Nishiuwa,Japan
Najafabad,Iran
Lafia,Nigeria
Oye-Ekiti,Nigeria
Smithfield,United States
Jiaozuo,China
Kottayam,India
Tralee,Ireland
Nawabshah,Pakistan
Viganello,Switzerland
Ouargla,Algeria
Bachok,Malaysia
Al-Khobar,Saudi Arabia
Jiangxi,China
Emeryville,United States
Forsinard,United Kingdom
Amberg,Germany
Le Bouveret,Switzerland
Charbagh,Pakistan
Upper Dir,Pakistan
Karamay,China
Wuhai,China
Sao Luis,Brazil
Ilderton,Canada
Albi,France
Basovizza,Italy
Malibu,United States
Rasipuram,India
Chiavari,Italy
Langfang,China
Germantown,United States
Bernal,Argentina
San Rafael,United States
Sunnyvale,United States
Sanford,United States
North Wollongong,Australia
Burlingame,United States
Redwood City,United States
Alameda,United States
Tulln/Donau,Austria
Matosinhos,Portugal
Shouguang,China
Greenslopes,Australia
Muri,Switzerland
Schenefeld,Germany
"Jilin, Jilin",China
Maynooth,Ireland
Qiqihar,China
Zaczernie,Poland
Marina del Rey,United States
Karmiel,Israel
De Bilt,Netherlands
Dezhou,China
Rostock/Greifswald,Germany
Ecully,France
Guangyuan,China
Bida,Nigeria
Zunheboto,India
Gandhigram,India
Colton,United States
Strassen,Luxembourg
Pforzheim,Germany
Kaliakoir,Bangladesh
Shepherdstown,United States
Cacador,Brazil
Ituporanga,Brazil
Brondby,Denmark
Wachtberg,Germany
Furth,Germany
Sana’a City,Yemen
Taicang,China
Watertown,United States
Jiangyin,China
Valencia,United States
Dir (U),Pakistan
Gatersleben,Germany
Sabzevar,Iran
Temple,United States
Civitavecchia,Italy
Anavyssos,Greece
Toledo,United States
North Bethesda,United States
Princeton Junction,United States
Ottawa,United States
Gwacheon,South Korea
Antalya,Turkey
Suitland,United States
Schlieren,Switzerland
Centre Ville,Tunisia
Balasore,India
Kamakura,Japan
Akiruno,Japan
Daqing,China
Swift Current,Canada
Morden,Canada
Castelar,Argentina
Shirley,United Kingdom
Ibri,Oman
Thatcher,United States
Tabora,Tanzania
Changde,China
Gimcheon-si,South Korea
Marina,United States
Aksu,China
Varennes,Canada
Vom,Nigeria
Starnberg,Germany
Prairie View,United States
Badr,Egypt
Jambi,Indonesia
Pruhonice,Czech Republic
Farnham,United Kingdom
Birkenfeld,Germany
Jiutepec,Mexico
"Xigatse, Tibet",China
Ramnagar,India
Santa Rosa,United States
Arlington Heights,United States
Alfred,United States
Icheon,South Korea
Erechim,Brazil
Gumushane,Turkey
Mineola,United States
Maanshan,China
Koszalin,Poland
New Mansoura,Egypt
Maynard,United States
Baddi,India
Khoy,Iran
Patzcuaro,Mexico
Lishui,China
Neuruppin,Germany
Geumsan,South Korea
Yesan,South Korea
Hosaena,Ethiopia
Bhakkar,Pakistan
Gyor,Hungary
Songyuan,China
Abadan,Iran
"Asaluyeh, Bushehr",Iran
Riffa,Bahrain
Union,United States
Punjab,Pakistan
Monterey,United States
Kushtia,Bangladesh
Aarhus N,Denmark
Kakinada,India
Zilina,Slovakia
Ramnicu Valcea,Romania
Sha-Lu,Taiwan
Attock,Pakistan
Fullerton,United States
Chermside,Australia
Halden,Norway
Skedsmokorset,Norway
San Miniato,Italy
"Niguarda, Milano",Italy
Bruderholz,Switzerland
Forchheim,Germany
Slagelse,Denmark
Chittorgarh,India
Katsina,Nigeria
Zhucheng,China
Namhae,South Korea
Aizawl,India
Pawtucket,United States
Saveh,Iran
Falun,Sweden
Evry,France
Tsing Yi Island,Hong Kong
Anand,India
Sankt Polten,Austria
Koronadal City,Philippines
Rajgir,India
Deoghar,India
Howrah,India
Huizhou,China
Pleasant Hill,United States
Jishou,China
Hermiston,United States
Xinhua,China
Nowshera,Pakistan
Visselhovede,Germany
Aberdeen,United States
Kairouan,Tunisia
Valldoreix,Spain
Zielona Gora,Poland
Zittau,Germany
Holdorf,Germany
Maringa,Brazil
Maceio,Brazil
Kashi,China
Medchal,India
Yining,China
Kelambakkam,India
Abomey,Benin
Linquan,China
Martonvasar,Hungary
Kennesaw,United States
Jingdezhen,China
Kontich,Belgium
Tebessa,Algeria
Jamia Hamdard,India
Scotts Valley,United States
Kissimmee,United States
Ruschlikon,Switzerland
Bolu,Turkey
Bilecik,Turkey
Markham,Canada
Winona,United States
Yongzhou,China
Putignano,Italy
Barum,Norway
Santa Rosa,Argentina
Villa Elisa,Argentina
Taraz,Kazakhstan
Shymkent,Kazakhstan
